Date,SPY
2019-01-02 00:00:00-05:00,224.3825225830078
2019-01-03 00:00:00-05:00,219.0281219482422
2019-01-04 00:00:00-05:00,226.36463928222656
2019-01-07 00:00:00-05:00,228.14942932128906
2019-01-08 00:00:00-05:00,230.29299926757812
2019-01-09 00:00:00-05:00,231.36927795410156
2019-01-10 00:00:00-05:00,232.18545532226562
2019-01-11 00:00:00-05:00,232.27517700195312
2019-01-14 00:00:00-05:00,230.85804748535156
2019-01-15 00:00:00-05:00,233.50381469726562
2019-01-16 00:00:00-05:00,234.0688934326172
2019-01-17 00:00:00-05:00,235.84475708007812
2019-01-18 00:00:00-05:00,238.98377990722656
2019-01-22 00:00:00-05:00,235.7550506591797
2019-01-23 00:00:00-05:00,236.24832153320312
2019-01-24 00:00:00-05:00,236.3738555908203
2019-01-25 00:00:00-05:00,238.3739471435547
2019-01-28 00:00:00-05:00,236.56219482421875
2019-01-29 00:00:00-05:00,236.24832153320312
2019-01-30 00:00:00-05:00,239.98828125
2019-01-31 00:00:00-05:00,242.09597778320312
2019-02-01 00:00:00-05:00,242.21267700195312
2019-02-04 00:00:00-05:00,243.91665649414062
2019-02-05 00:00:00-05:00,244.93914794921875
2019-02-06 00:00:00-05:00,244.6162567138672
2019-02-07 00:00:00-05:00,242.28440856933594
2019-02-08 00:00:00-05:00,242.58035278320312
2019-02-11 00:00:00-05:00,242.71481323242188
2019-02-12 00:00:00-05:00,245.83604431152344
2019-02-13 00:00:00-05:00,246.63421630859375
2019-02-14 00:00:00-05:00,246.08714294433594
2019-02-15 00:00:00-05:00,248.768798828125
2019-02-19 00:00:00-05:00,249.19931030273438
2019-02-20 00:00:00-05:00,249.70166015625
2019-02-21 00:00:00-05:00,248.8136444091797
2019-02-22 00:00:00-05:00,250.35633850097656
2019-02-25 00:00:00-05:00,250.6971893310547
2019-02-26 00:00:00-05:00,250.51776123046875
2019-02-27 00:00:00-05:00,250.41009521484375
2019-02-28 00:00:00-05:00,249.9437255859375
2019-03-01 00:00:00-05:00,251.50425720214844
2019-03-04 00:00:00-05:00,250.58949279785156
2019-03-05 00:00:00-05:00,250.24862670898438
2019-03-06 00:00:00-05:00,248.73289489746094
2019-03-07 00:00:00-05:00,246.65220642089844
2019-03-08 00:00:00-05:00,246.15890502929688
2019-03-11 00:00:00-04:00,249.7284698486328
2019-03-12 00:00:00-04:00,250.67025756835938
2019-03-13 00:00:00-04:00,252.32945251464844
2019-03-14 00:00:00-04:00,252.16795349121094
2019-03-15 00:00:00-04:00,253.4138946533203
2019-03-18 00:00:00-04:00,254.33261108398438
2019-03-19 00:00:00-04:00,254.39578247070312
2019-03-20 00:00:00-04:00,253.62994384765625
2019-03-21 00:00:00-04:00,256.4947814941406
2019-03-22 00:00:00-04:00,251.55816650390625
2019-03-25 00:00:00-04:00,251.3689422607422
2019-03-26 00:00:00-04:00,253.24269104003906
2019-03-27 00:00:00-04:00,251.91844177246094
2019-03-28 00:00:00-04:00,252.87335205078125
2019-03-29 00:00:00-04:00,254.46780395507812
2019-04-01 00:00:00-04:00,257.4856262207031
2019-04-02 00:00:00-04:00,257.6117248535156
2019-04-03 00:00:00-04:00,258.0171203613281
2019-04-04 00:00:00-04:00,258.7017517089844
2019-04-05 00:00:00-04:00,259.9539794921875
2019-04-08 00:00:00-04:00,260.1522216796875
2019-04-09 00:00:00-04:00,258.8188781738281
2019-04-10 00:00:00-04:00,259.70166015625
2019-04-11 00:00:00-04:00,259.62957763671875
2019-04-12 00:00:00-04:00,261.38623046875
2019-04-15 00:00:00-04:00,261.2150573730469
2019-04-16 00:00:00-04:00,261.38623046875
2019-04-17 00:00:00-04:00,260.7467041015625
2019-04-18 00:00:00-04:00,261.2601318359375
2019-04-22 00:00:00-04:00,261.4853515625
2019-04-23 00:00:00-04:00,263.83648681640625
2019-04-24 00:00:00-04:00,263.25091552734375
2019-04-25 00:00:00-04:00,263.0888671875
2019-04-26 00:00:00-04:00,264.31402587890625
2019-04-29 00:00:00-04:00,264.7283020019531
2019-04-30 00:00:00-04:00,264.8634948730469
2019-05-01 00:00:00-04:00,262.8725280761719
2019-05-02 00:00:00-04:00,262.30517578125
2019-05-03 00:00:00-04:00,264.8724670410156
2019-05-06 00:00:00-04:00,263.7825012207031
2019-05-07 00:00:00-04:00,259.3774108886719
2019-05-08 00:00:00-04:00,259.01708984375
2019-05-09 00:00:00-04:00,258.23333740234375
2019-05-10 00:00:00-04:00,259.5306091308594
2019-05-13 00:00:00-04:00,253.0084991455078
2019-05-14 00:00:00-04:00,255.29664611816406
2019-05-15 00:00:00-04:00,256.7920227050781
2019-05-16 00:00:00-04:00,259.17022705078125
2019-05-17 00:00:00-04:00,257.49468994140625
2019-05-20 00:00:00-04:00,255.79212951660156
2019-05-21 00:00:00-04:00,258.0982666015625
2019-05-22 00:00:00-04:00,257.305419921875
2019-05-23 00:00:00-04:00,254.1615753173828
2019-05-24 00:00:00-04:00,254.7381134033203
2019-05-28 00:00:00-04:00,252.36900329589844
2019-05-29 00:00:00-04:00,250.67535400390625
2019-05-30 00:00:00-04:00,251.3599395751953
2019-05-31 00:00:00-04:00,247.9728546142578
2019-06-03 00:00:00-04:00,247.34219360351562
2019-06-04 00:00:00-04:00,252.71121215820312
2019-06-05 00:00:00-04:00,254.90017700195312
2019-06-06 00:00:00-04:00,256.5577392578125
2019-06-07 00:00:00-04:00,259.1252136230469
2019-06-10 00:00:00-04:00,260.31427001953125
2019-06-11 00:00:00-04:00,260.2512512207031
2019-06-12 00:00:00-04:00,259.7918395996094
2019-06-13 00:00:00-04:00,260.86376953125
2019-06-14 00:00:00-04:00,260.5755615234375
2019-06-17 00:00:00-04:00,260.6745910644531
2019-06-18 00:00:00-04:00,263.40411376953125
2019-06-19 00:00:00-04:00,263.9987487792969
2019-06-20 00:00:00-04:00,266.5210876464844
2019-06-21 00:00:00-04:00,266.1336364746094
2019-06-24 00:00:00-04:00,265.8076477050781
2019-06-25 00:00:00-04:00,263.2007141113281
2019-06-26 00:00:00-04:00,262.9381408691406
2019-06-27 00:00:00-04:00,263.87054443359375
2019-06-28 00:00:00-04:00,265.2284240722656
2019-07-01 00:00:00-04:00,267.6361999511719
2019-07-02 00:00:00-04:00,268.33319091796875
2019-07-03 00:00:00-04:00,270.47857666015625
2019-07-05 00:00:00-04:00,270.1708068847656
2019-07-08 00:00:00-04:00,268.68634033203125
2019-07-09 00:00:00-04:00,269.0212097167969
2019-07-10 00:00:00-04:00,270.306640625
2019-07-11 00:00:00-04:00,270.94024658203125
2019-07-12 00:00:00-04:00,272.15325927734375
2019-07-15 00:00:00-04:00,272.2437744140625
2019-07-16 00:00:00-04:00,271.3657531738281
2019-07-17 00:00:00-04:00,269.51910400390625
2019-07-18 00:00:00-04:00,270.5057678222656
2019-07-19 00:00:00-04:00,269.0031433105469
2019-07-22 00:00:00-04:00,269.6638488769531
2019-07-23 00:00:00-04:00,271.59210205078125
2019-07-24 00:00:00-04:00,272.868408203125
2019-07-25 00:00:00-04:00,271.5648498535156
2019-07-26 00:00:00-04:00,273.3844299316406
2019-07-29 00:00:00-04:00,272.886474609375
2019-07-30 00:00:00-04:00,272.2166748046875
2019-07-31 00:00:00-04:00,269.23846435546875
2019-08-01 00:00:00-04:00,266.8938903808594
2019-08-02 00:00:00-04:00,264.88433837890625
2019-08-05 00:00:00-04:00,256.91845703125
2019-08-06 00:00:00-04:00,260.521240234375
2019-08-07 00:00:00-04:00,260.6751708984375
2019-08-08 00:00:00-04:00,265.7896423339844
2019-08-09 00:00:00-04:00,263.97918701171875
2019-08-12 00:00:00-04:00,260.76568603515625
2019-08-13 00:00:00-04:00,264.8210754394531
2019-08-14 00:00:00-04:00,256.9909973144531
2019-08-15 00:00:00-04:00,257.6697692871094
2019-08-16 00:00:00-04:00,261.4718322753906
2019-08-19 00:00:00-04:00,264.6218566894531
2019-08-20 00:00:00-04:00,262.59417724609375
2019-08-21 00:00:00-04:00,264.7304992675781
2019-08-22 00:00:00-04:00,264.64892578125
2019-08-23 00:00:00-04:00,257.850830078125
2019-08-26 00:00:00-04:00,260.7023010253906
2019-08-27 00:00:00-04:00,259.6794128417969
2019-08-28 00:00:00-04:00,261.5079650878906
2019-08-29 00:00:00-04:00,264.84814453125
2019-08-30 00:00:00-04:00,264.7304992675781
2019-09-03 00:00:00-04:00,263.1825866699219
2019-09-04 00:00:00-04:00,266.1698913574219
2019-09-05 00:00:00-04:00,269.59161376953125
2019-09-06 00:00:00-04:00,269.7997131347656
2019-09-09 00:00:00-04:00,269.93548583984375
2019-09-10 00:00:00-04:00,269.8720397949219
2019-09-11 00:00:00-04:00,271.791259765625
2019-09-12 00:00:00-04:00,272.7326354980469
2019-09-13 00:00:00-04:00,272.5514831542969
2019-09-16 00:00:00-04:00,271.709716796875
2019-09-17 00:00:00-04:00,272.3977355957031
2019-09-18 00:00:00-04:00,272.560546875
2019-09-19 00:00:00-04:00,272.5425109863281
2019-09-20 00:00:00-04:00,271.25482177734375
2019-09-23 00:00:00-04:00,271.191162109375
2019-09-24 00:00:00-04:00,269.063232421875
2019-09-25 00:00:00-04:00,270.65460205078125
2019-09-26 00:00:00-04:00,270.0907287597656
2019-09-27 00:00:00-04:00,268.63568115234375
2019-09-30 00:00:00-04:00,269.8816223144531
2019-10-01 00:00:00-04:00,266.67144775390625
2019-10-02 00:00:00-04:00,261.9608459472656
2019-10-03 00:00:00-04:00,264.10699462890625
2019-10-04 00:00:00-04:00,267.6807861328125
2019-10-07 00:00:00-04:00,266.5259094238281
2019-10-08 00:00:00-04:00,262.38818359375
2019-10-09 00:00:00-04:00,264.8799743652344
2019-10-10 00:00:00-04:00,266.67144775390625
2019-10-11 00:00:00-04:00,269.43597412109375
2019-10-14 00:00:00-04:00,269.1358947753906
2019-10-15 00:00:00-04:00,271.8004455566406
2019-10-16 00:00:00-04:00,271.3638916015625
2019-10-17 00:00:00-04:00,272.16424560546875
2019-10-18 00:00:00-04:00,270.9729309082031
2019-10-21 00:00:00-04:00,272.809814453125
2019-10-22 00:00:00-04:00,271.918701171875
2019-10-23 00:00:00-04:00,272.7099609375
2019-10-24 00:00:00-04:00,273.1554870605469
2019-10-25 00:00:00-04:00,274.27398681640625
2019-10-28 00:00:00-04:00,275.8199768066406
2019-10-29 00:00:00-04:00,275.7381591796875
2019-10-30 00:00:00-04:00,276.5838928222656
2019-10-31 00:00:00-04:00,275.8472595214844
2019-11-01 00:00:00-04:00,278.40264892578125
2019-11-04 00:00:00-05:00,279.52117919921875
2019-11-05 00:00:00-05:00,279.2120361328125
2019-11-06 00:00:00-05:00,279.2756652832031
2019-11-07 00:00:00-05:00,280.2578430175781
2019-11-08 00:00:00-05:00,280.9489440917969
2019-11-11 00:00:00-05:00,280.4124450683594
2019-11-12 00:00:00-05:00,281.0035095214844
2019-11-13 00:00:00-05:00,281.0944519042969
2019-11-14 00:00:00-05:00,281.5036926269531
2019-11-15 00:00:00-05:00,283.540771484375
2019-11-18 00:00:00-05:00,283.7499084472656
2019-11-19 00:00:00-05:00,283.66802978515625
2019-11-20 00:00:00-05:00,282.6131286621094
2019-11-21 00:00:00-05:00,282.158447265625
2019-11-22 00:00:00-05:00,282.7860107421875
2019-11-25 00:00:00-05:00,284.9776306152344
2019-11-26 00:00:00-05:00,285.623291015625
2019-11-27 00:00:00-05:00,286.8964538574219
2019-11-29 00:00:00-05:00,285.83245849609375
2019-12-02 00:00:00-05:00,283.4043884277344
2019-12-03 00:00:00-05:00,281.5036926269531
2019-12-04 00:00:00-05:00,283.24066162109375
2019-12-05 00:00:00-05:00,283.7499084472656
2019-12-06 00:00:00-05:00,286.3416442871094
2019-12-09 00:00:00-05:00,285.44140625
2019-12-10 00:00:00-05:00,285.1231384277344
2019-12-11 00:00:00-05:00,285.9324951171875
2019-12-12 00:00:00-05:00,288.39697265625
2019-12-13 00:00:00-05:00,288.5697021484375
2019-12-16 00:00:00-05:00,290.5521545410156
2019-12-17 00:00:00-05:00,290.61590576171875
2019-12-18 00:00:00-05:00,290.6340026855469
2019-12-19 00:00:00-05:00,291.8253173828125
2019-12-20 00:00:00-05:00,293.1047668457031
2019-12-23 00:00:00-05:00,293.55255126953125
2019-12-24 00:00:00-05:00,293.56170654296875
2019-12-26 00:00:00-05:00,295.12432861328125
2019-12-27 00:00:00-05:00,295.05126953125
2019-12-30 00:00:00-05:00,293.424560546875
2019-12-31 00:00:00-05:00,294.1373596191406
2020-01-02 00:00:00-05:00,296.8881530761719
2020-01-03 00:00:00-05:00,294.6399841308594
2020-01-06 00:00:00-05:00,295.76409912109375
2020-01-07 00:00:00-05:00,294.9325256347656
2020-01-08 00:00:00-05:00,296.5043640136719
2020-01-09 00:00:00-05:00,298.5149230957031
2020-01-10 00:00:00-05:00,297.6557922363281
2020-01-13 00:00:00-05:00,299.7029113769531
2020-01-14 00:00:00-05:00,299.2460021972656
2020-01-15 00:00:00-05:00,299.9222106933594
2020-01-16 00:00:00-05:00,302.41705322265625
2020-01-17 00:00:00-05:00,303.3584289550781
2020-01-21 00:00:00-05:00,302.7643737792969
2020-01-22 00:00:00-05:00,302.80096435546875
2020-01-23 00:00:00-05:00,303.1481628417969
2020-01-24 00:00:00-05:00,300.4522705078125
2020-01-27 00:00:00-05:00,295.63616943359375
2020-01-28 00:00:00-05:00,298.7342834472656
2020-01-29 00:00:00-05:00,298.4873962402344
2020-01-30 00:00:00-05:00,299.45611572265625
2020-01-31 00:00:00-05:00,294.0186767578125
2020-02-03 00:00:00-05:00,296.2027587890625
2020-02-04 00:00:00-05:00,300.7171936035156
2020-02-05 00:00:00-05:00,304.19000244140625
2020-02-06 00:00:00-05:00,305.2135009765625
2020-02-07 00:00:00-05:00,303.5869140625
2020-02-10 00:00:00-05:00,305.8531188964844
2020-02-11 00:00:00-05:00,306.3832702636719
2020-02-12 00:00:00-05:00,308.35723876953125
2020-02-13 00:00:00-05:00,308.0282287597656
2020-02-14 00:00:00-05:00,308.52178955078125
2020-02-18 00:00:00-05:00,307.72662353515625
2020-02-19 00:00:00-05:00,309.19805908203125
2020-02-20 00:00:00-05:00,307.9276428222656
2020-02-21 00:00:00-05:00,304.7566223144531
2020-02-24 00:00:00-05:00,294.649169921875
2020-02-25 00:00:00-05:00,285.7207336425781
2020-02-26 00:00:00-05:00,284.6698303222656
2020-02-27 00:00:00-05:00,271.88470458984375
2020-02-28 00:00:00-05:00,270.7424011230469
2020-03-02 00:00:00-05:00,282.4673156738281
2020-03-03 00:00:00-05:00,274.379638671875
2020-03-04 00:00:00-05:00,285.9125671386719
2020-03-05 00:00:00-05:00,276.40838623046875
2020-03-06 00:00:00-05:00,271.83905029296875
2020-03-09 00:00:00-04:00,250.60992431640625
2020-03-10 00:00:00-04:00,263.5776672363281
2020-03-11 00:00:00-04:00,250.7287139892578
2020-03-12 00:00:00-04:00,226.73973083496094
2020-03-13 00:00:00-04:00,246.1228485107422
2020-03-16 00:00:00-04:00,219.191162109375
2020-03-17 00:00:00-04:00,231.02574157714844
2020-03-18 00:00:00-04:00,219.3282012939453
2020-03-19 00:00:00-04:00,219.79429626464844
2020-03-20 00:00:00-04:00,210.32244873046875
2020-03-23 00:00:00-04:00,204.94488525390625
2020-03-24 00:00:00-04:00,223.51356506347656
2020-03-25 00:00:00-04:00,226.859619140625
2020-03-26 00:00:00-04:00,240.1059112548828
2020-03-27 00:00:00-04:00,232.9541778564453
2020-03-30 00:00:00-04:00,240.5195770263672
2020-03-31 00:00:00-04:00,236.9344940185547
2020-04-01 00:00:00-04:00,226.2713165283203
2020-04-02 00:00:00-04:00,231.4925994873047
2020-04-03 00:00:00-04:00,228.1465301513672
2020-04-06 00:00:00-04:00,243.4702911376953
2020-04-07 00:00:00-04:00,243.71847534179688
2020-04-08 00:00:00-04:00,251.89964294433594
2020-04-09 00:00:00-04:00,255.7329864501953
2020-04-13 00:00:00-04:00,253.39817810058594
2020-04-14 00:00:00-04:00,260.8714904785156
2020-04-15 00:00:00-04:00,255.3284912109375
2020-04-16 00:00:00-04:00,256.560302734375
2020-04-17 00:00:00-04:00,263.4914245605469
2020-04-20 00:00:00-04:00,258.84918212890625
2020-04-21 00:00:00-04:00,250.9897003173828
2020-04-22 00:00:00-04:00,256.560302734375
2020-04-23 00:00:00-04:00,256.5418395996094
2020-04-24 00:00:00-04:00,260.11773681640625
2020-04-27 00:00:00-04:00,263.8683166503906
2020-04-28 00:00:00-04:00,262.65484619140625
2020-04-29 00:00:00-04:00,269.53070068359375
2020-04-30 00:00:00-04:00,267.02130126953125
2020-05-01 00:00:00-04:00,259.9523010253906
2020-05-04 00:00:00-04:00,260.6693420410156
2020-05-05 00:00:00-04:00,263.07769775390625
2020-05-06 00:00:00-04:00,261.2943115234375
2020-05-07 00:00:00-04:00,264.4473876953125
2020-05-08 00:00:00-04:00,268.82293701171875
2020-05-11 00:00:00-04:00,268.8780517578125
2020-05-12 00:00:00-04:00,263.5189514160156
2020-05-13 00:00:00-04:00,258.8583068847656
2020-05-14 00:00:00-04:00,261.95623779296875
2020-05-15 00:00:00-04:00,263.160400390625
2020-05-18 00:00:00-04:00,271.17626953125
2020-05-19 00:00:00-04:00,268.390869140625
2020-05-20 00:00:00-04:00,272.9504089355469
2020-05-21 00:00:00-04:00,271.0659484863281
2020-05-22 00:00:00-04:00,271.5807189941406
2020-05-26 00:00:00-04:00,274.9267578125
2020-05-27 00:00:00-04:00,279.0173034667969
2020-05-28 00:00:00-04:00,278.50262451171875
2020-05-29 00:00:00-04:00,279.7435302734375
2020-06-01 00:00:00-04:00,280.8741760253906
2020-06-02 00:00:00-04:00,283.1998596191406
2020-06-03 00:00:00-04:00,286.9687805175781
2020-06-04 00:00:00-04:00,286.2149963378906
2020-06-05 00:00:00-04:00,293.55059814453125
2020-06-08 00:00:00-04:00,297.09881591796875
2020-06-09 00:00:00-04:00,294.8835144042969
2020-06-10 00:00:00-04:00,293.23809814453125
2020-06-11 00:00:00-04:00,276.3331298828125
2020-06-12 00:00:00-04:00,279.6424255371094
2020-06-15 00:00:00-04:00,282.2531433105469
2020-06-16 00:00:00-04:00,287.6858215332031
2020-06-17 00:00:00-04:00,286.4908142089844
2020-06-18 00:00:00-04:00,286.6011047363281
2020-06-19 00:00:00-04:00,284.96319580078125
2020-06-22 00:00:00-04:00,286.79132080078125
2020-06-23 00:00:00-04:00,288.111572265625
2020-06-24 00:00:00-04:00,280.7621765136719
2020-06-25 00:00:00-04:00,283.77215576171875
2020-06-26 00:00:00-04:00,277.0321350097656
2020-06-29 00:00:00-04:00,281.10382080078125
2020-06-30 00:00:00-04:00,284.7046203613281
2020-07-01 00:00:00-04:00,286.69903564453125
2020-07-02 00:00:00-04:00,288.2777404785156
2020-07-06 00:00:00-04:00,292.72802734375
2020-07-07 00:00:00-04:00,289.7088623046875
2020-07-08 00:00:00-04:00,291.9248352050781
2020-07-09 00:00:00-04:00,290.26287841796875
2020-07-10 00:00:00-04:00,293.22662353515625
2020-07-13 00:00:00-04:00,290.6875305175781
2020-07-14 00:00:00-04:00,294.4544982910156
2020-07-15 00:00:00-04:00,297.1598205566406
2020-07-16 00:00:00-04:00,296.18115234375
2020-07-17 00:00:00-04:00,297.03985595703125
2020-07-20 00:00:00-04:00,299.4403076171875
2020-07-21 00:00:00-04:00,300.0774230957031
2020-07-22 00:00:00-04:00,301.7854919433594
2020-07-23 00:00:00-04:00,298.1845703125
2020-07-24 00:00:00-04:00,296.26416015625
2020-07-27 00:00:00-04:00,298.42474365234375
2020-07-28 00:00:00-04:00,296.5319519042969
2020-07-29 00:00:00-04:00,300.1789855957031
2020-07-30 00:00:00-04:00,299.1079406738281
2020-07-31 00:00:00-04:00,301.4715270996094
2020-08-03 00:00:00-04:00,303.5673828125
2020-08-04 00:00:00-04:00,304.7400207519531
2020-08-05 00:00:00-04:00,306.6326904296875
2020-08-06 00:00:00-04:00,308.6824035644531
2020-08-07 00:00:00-04:00,308.9040222167969
2020-08-10 00:00:00-04:00,309.8273620605469
2020-08-11 00:00:00-04:00,307.269775390625
2020-08-12 00:00:00-04:00,311.5538635253906
2020-08-13 00:00:00-04:00,310.9906005859375
2020-08-14 00:00:00-04:00,310.9998474121094
2020-08-17 00:00:00-04:00,311.9877624511719
2020-08-18 00:00:00-04:00,312.66180419921875
2020-08-19 00:00:00-04:00,311.3599853515625
2020-08-20 00:00:00-04:00,312.3293762207031
2020-08-21 00:00:00-04:00,313.4373779296875
2020-08-24 00:00:00-04:00,316.6134948730469
2020-08-25 00:00:00-04:00,317.7213134765625
2020-08-26 00:00:00-04:00,320.9067687988281
2020-08-27 00:00:00-04:00,321.6084289550781
2020-08-28 00:00:00-04:00,323.6858215332031
2020-08-31 00:00:00-04:00,322.5132751464844
2020-09-01 00:00:00-04:00,325.5508728027344
2020-09-02 00:00:00-04:00,330.2596740722656
2020-09-03 00:00:00-04:00,318.8940124511719
2020-09-04 00:00:00-04:00,316.2903137207031
2020-09-08 00:00:00-04:00,307.6483154296875
2020-09-09 00:00:00-04:00,313.72357177734375
2020-09-10 00:00:00-04:00,308.27618408203125
2020-09-11 00:00:00-04:00,308.43310546875
2020-09-14 00:00:00-04:00,312.4955749511719
2020-09-15 00:00:00-04:00,314.07440185546875
2020-09-16 00:00:00-04:00,312.8279724121094
2020-09-17 00:00:00-04:00,310.07659912109375
2020-09-18 00:00:00-04:00,306.5068054199219
2020-09-21 00:00:00-04:00,303.095458984375
2020-09-22 00:00:00-04:00,306.1823425292969
2020-09-23 00:00:00-04:00,299.0816345214844
2020-09-24 00:00:00-04:00,299.8788757324219
2020-09-25 00:00:00-04:00,304.7269592285156
2020-09-28 00:00:00-04:00,309.788330078125
2020-09-29 00:00:00-04:00,308.10113525390625
2020-09-30 00:00:00-04:00,310.4372253417969
2020-10-01 00:00:00-04:00,312.4302062988281
2020-10-02 00:00:00-04:00,309.46380615234375
2020-10-05 00:00:00-04:00,314.95159912109375
2020-10-06 00:00:00-04:00,310.4742431640625
2020-10-07 00:00:00-04:00,315.8786315917969
2020-10-08 00:00:00-04:00,318.67803955078125
2020-10-09 00:00:00-04:00,321.52392578125
2020-10-12 00:00:00-04:00,326.6964111328125
2020-10-13 00:00:00-04:00,324.5644226074219
2020-10-14 00:00:00-04:00,322.5249938964844
2020-10-15 00:00:00-04:00,322.1263732910156
2020-10-16 00:00:00-04:00,321.9317321777344
2020-10-19 00:00:00-04:00,317.03729248046875
2020-10-20 00:00:00-04:00,318.3072814941406
2020-10-21 00:00:00-04:00,317.70477294921875
2020-10-22 00:00:00-04:00,319.447509765625
2020-10-23 00:00:00-04:00,320.5319519042969
2020-10-26 00:00:00-04:00,314.6085510253906
2020-10-27 00:00:00-04:00,313.5240173339844
2020-10-28 00:00:00-04:00,302.8081359863281
2020-10-29 00:00:00-04:00,305.8857421875
2020-10-30 00:00:00-04:00,302.6968994140625
2020-11-02 00:00:00-05:00,306.0895690917969
2020-11-03 00:00:00-05:00,311.4939270019531
2020-11-04 00:00:00-05:00,318.45556640625
2020-11-05 00:00:00-05:00,324.66632080078125
2020-11-06 00:00:00-05:00,324.5921936035156
2020-11-09 00:00:00-05:00,328.6708984375
2020-11-10 00:00:00-05:00,328.18890380859375
2020-11-11 00:00:00-05:00,330.626953125
2020-11-12 00:00:00-05:00,327.4194641113281
2020-11-13 00:00:00-05:00,331.952392578125
2020-11-16 00:00:00-05:00,336.0960388183594
2020-11-17 00:00:00-05:00,334.28839111328125
2020-11-18 00:00:00-05:00,330.265380859375
2020-11-19 00:00:00-05:00,331.6557922363281
2020-11-20 00:00:00-05:00,329.3846740722656
2020-11-23 00:00:00-05:00,331.3592224121094
2020-11-24 00:00:00-05:00,336.6986389160156
2020-11-25 00:00:00-05:00,336.1795349121094
2020-11-27 00:00:00-05:00,337.11572265625
2020-11-30 00:00:00-05:00,335.6232604980469
2020-12-01 00:00:00-05:00,339.2941589355469
2020-12-02 00:00:00-05:00,340.00799560546875
2020-12-03 00:00:00-05:00,339.9151611328125
2020-12-04 00:00:00-05:00,342.8444519042969
2020-12-07 00:00:00-05:00,342.139892578125
2020-12-08 00:00:00-05:00,343.1411437988281
2020-12-09 00:00:00-05:00,340.06353759765625
2020-12-10 00:00:00-05:00,339.9523010253906
2020-12-11 00:00:00-05:00,339.5536804199219
2020-12-14 00:00:00-05:00,338.0334777832031
2020-12-15 00:00:00-05:00,342.603515625
2020-12-16 00:00:00-05:00,343.1411437988281
2020-12-17 00:00:00-05:00,345.05999755859375
2020-12-18 00:00:00-05:00,343.68218994140625
2020-12-21 00:00:00-05:00,342.4533996582031
2020-12-22 00:00:00-05:00,341.87615966796875
2020-12-23 00:00:00-05:00,342.1834411621094
2020-12-24 00:00:00-05:00,343.5146179199219
2020-12-28 00:00:00-05:00,346.4656982421875
2020-12-29 00:00:00-05:00,345.8046875
2020-12-30 00:00:00-05:00,346.298095703125
2020-12-31 00:00:00-05:00,348.0576477050781
2021-01-04 00:00:00-05:00,343.319091796875
2021-01-05 00:00:00-05:00,345.6837463378906
2021-01-06 00:00:00-05:00,347.7504577636719
2021-01-07 00:00:00-05:00,352.91705322265625
2021-01-08 00:00:00-05:00,354.9278259277344
2021-01-11 00:00:00-05:00,352.535400390625
2021-01-12 00:00:00-05:00,352.60986328125
2021-01-13 00:00:00-05:00,353.55938720703125
2021-01-14 00:00:00-05:00,352.3212890625
2021-01-15 00:00:00-05:00,349.751953125
2021-01-19 00:00:00-05:00,352.49810791015625
2021-01-20 00:00:00-05:00,357.3762512207031
2021-01-21 00:00:00-05:00,357.70208740234375
2021-01-22 00:00:00-05:00,356.4359436035156
2021-01-25 00:00:00-05:00,357.8416748046875
2021-01-26 00:00:00-05:00,357.28314208984375
2021-01-27 00:00:00-05:00,348.5510559082031
2021-01-28 00:00:00-05:00,351.54852294921875
2021-01-29 00:00:00-05:00,344.5107421875
2021-02-01 00:00:00-05:00,350.2453308105469
2021-02-02 00:00:00-05:00,355.1977844238281
2021-02-03 00:00:00-05:00,355.47711181640625
2021-02-04 00:00:00-05:00,359.5173645019531
2021-02-05 00:00:00-05:00,360.932373046875
2021-02-08 00:00:00-05:00,363.5389404296875
2021-02-09 00:00:00-05:00,363.2970275878906
2021-02-10 00:00:00-05:00,363.13873291015625
2021-02-11 00:00:00-05:00,363.72515869140625
2021-02-12 00:00:00-05:00,365.52191162109375
2021-02-16 00:00:00-05:00,365.2054138183594
2021-02-17 00:00:00-05:00,365.2892150878906
2021-02-18 00:00:00-05:00,363.7344665527344
2021-02-19 00:00:00-05:00,363.0921325683594
2021-02-22 00:00:00-05:00,360.2994384765625
2021-02-23 00:00:00-05:00,360.73687744140625
2021-02-24 00:00:00-05:00,364.7120056152344
2021-02-25 00:00:00-05:00,355.9239196777344
2021-02-26 00:00:00-05:00,354.0899963378906
2021-03-01 00:00:00-05:00,362.6731872558594
2021-03-02 00:00:00-05:00,359.8432312011719
2021-03-03 00:00:00-05:00,355.0767822265625
2021-03-04 00:00:00-05:00,350.682861328125
2021-03-05 00:00:00-05:00,357.1341857910156
2021-03-08 00:00:00-05:00,355.3560791015625
2021-03-09 00:00:00-05:00,360.4296875
2021-03-10 00:00:00-05:00,362.6731872558594
2021-03-11 00:00:00-05:00,366.35040283203125
2021-03-12 00:00:00-05:00,366.8438415527344
2021-03-15 00:00:00-04:00,369.03155517578125
2021-03-16 00:00:00-04:00,368.5660400390625
2021-03-17 00:00:00-04:00,369.82281494140625
2021-03-18 00:00:00-04:00,364.4420166015625
2021-03-19 00:00:00-04:00,363.7677001953125
2021-03-22 00:00:00-04:00,366.6723327636719
2021-03-23 00:00:00-04:00,363.786376953125
2021-03-24 00:00:00-04:00,361.9371032714844
2021-03-25 00:00:00-04:00,363.9731140136719
2021-03-26 00:00:00-04:00,369.8385925292969
2021-03-29 00:00:00-04:00,369.6517639160156
2021-03-30 00:00:00-04:00,368.67108154296875
2021-03-31 00:00:00-04:00,370.1654052734375
2021-04-01 00:00:00-04:00,374.16290283203125
2021-04-05 00:00:00-04:00,379.5332946777344
2021-04-06 00:00:00-04:00,379.3091735839844
2021-04-07 00:00:00-04:00,379.7481994628906
2021-04-08 00:00:00-04:00,381.55072021484375
2021-04-09 00:00:00-04:00,384.32464599609375
2021-04-12 00:00:00-04:00,384.4647521972656
2021-04-13 00:00:00-04:00,385.60418701171875
2021-04-14 00:00:00-04:00,384.2872619628906
2021-04-15 00:00:00-04:00,388.41558837890625
2021-04-16 00:00:00-04:00,389.7137145996094
2021-04-19 00:00:00-04:00,387.79913330078125
2021-04-20 00:00:00-04:00,384.9597473144531
2021-04-21 00:00:00-04:00,388.6023254394531
2021-04-22 00:00:00-04:00,385.0531921386719
2021-04-23 00:00:00-04:00,389.2280578613281
2021-04-26 00:00:00-04:00,390.0405578613281
2021-04-27 00:00:00-04:00,389.95648193359375
2021-04-28 00:00:00-04:00,389.844482421875
2021-04-29 00:00:00-04:00,392.3288879394531
2021-04-30 00:00:00-04:00,389.7510681152344
2021-05-03 00:00:00-04:00,390.5917053222656
2021-05-04 00:00:00-04:00,388.1819152832031
2021-05-05 00:00:00-04:00,388.3034362792969
2021-05-06 00:00:00-04:00,391.404296875
2021-05-07 00:00:00-04:00,394.2529296875
2021-05-10 00:00:00-04:00,390.3488464355469
2021-05-11 00:00:00-04:00,386.86505126953125
2021-05-12 00:00:00-04:00,378.64605712890625
2021-05-13 00:00:00-04:00,383.1945495605469
2021-05-14 00:00:00-04:00,389.07861328125
2021-05-17 00:00:00-04:00,388.08856201171875
2021-05-18 00:00:00-04:00,384.7449645996094
2021-05-19 00:00:00-04:00,383.73626708984375
2021-05-20 00:00:00-04:00,387.8644104003906
2021-05-21 00:00:00-04:00,387.54693603515625
2021-05-24 00:00:00-04:00,391.4976501464844
2021-05-25 00:00:00-04:00,390.6290283203125
2021-05-26 00:00:00-04:00,391.404296875
2021-05-27 00:00:00-04:00,391.60968017578125
2021-05-28 00:00:00-04:00,392.3102722167969
2021-06-01 00:00:00-04:00,391.964599609375
2021-06-02 00:00:00-04:00,392.58111572265625
2021-06-03 00:00:00-04:00,391.1241149902344
2021-06-04 00:00:00-04:00,394.70123291015625
2021-06-07 00:00:00-04:00,394.3182678222656
2021-06-08 00:00:00-04:00,394.4023132324219
2021-06-09 00:00:00-04:00,393.81390380859375
2021-06-10 00:00:00-04:00,395.64453125
2021-06-11 00:00:00-04:00,396.2982177734375
2021-06-14 00:00:00-04:00,397.1855773925781
2021-06-15 00:00:00-04:00,396.4570617675781
2021-06-16 00:00:00-04:00,394.2435302734375
2021-06-17 00:00:00-04:00,394.11273193359375
2021-06-18 00:00:00-04:00,388.7960510253906
2021-06-21 00:00:00-04:00,394.36199951171875
2021-06-22 00:00:00-04:00,396.4703063964844
2021-06-23 00:00:00-04:00,395.9925231933594
2021-06-24 00:00:00-04:00,398.3351135253906
2021-06-25 00:00:00-04:00,399.75
2021-06-28 00:00:00-04:00,400.5559387207031
2021-06-29 00:00:00-04:00,400.7713317871094
2021-06-30 00:00:00-04:00,401.10870361328125
2021-07-01 00:00:00-04:00,403.3294982910156
2021-07-02 00:00:00-04:00,406.41241455078125
2021-07-06 00:00:00-04:00,405.672119140625
2021-07-07 00:00:00-04:00,407.10577392578125
2021-07-08 00:00:00-04:00,403.7886962890625
2021-07-09 00:00:00-04:00,408.0990295410156
2021-07-12 00:00:00-04:00,409.5607604980469
2021-07-13 00:00:00-04:00,408.1647033691406
2021-07-14 00:00:00-04:00,408.773681640625
2021-07-15 00:00:00-04:00,407.37750244140625
2021-07-16 00:00:00-04:00,404.18218994140625
2021-07-19 00:00:00-04:00,398.2132568359375
2021-07-20 00:00:00-04:00,403.9197082519531
2021-07-21 00:00:00-04:00,407.19012451171875
2021-07-22 00:00:00-04:00,408.0428466796875
2021-07-23 00:00:00-04:00,412.2407531738281
2021-07-26 00:00:00-04:00,413.2527770996094
2021-07-27 00:00:00-04:00,411.36932373046875
2021-07-28 00:00:00-04:00,411.20062255859375
2021-07-29 00:00:00-04:00,412.90606689453125
2021-07-30 00:00:00-04:00,410.9008483886719
2021-08-02 00:00:00-04:00,410.0386962890625
2021-08-03 00:00:00-04:00,413.37457275390625
2021-08-04 00:00:00-04:00,411.34112548828125
2021-08-05 00:00:00-04:00,413.9461975097656
2021-08-06 00:00:00-04:00,414.6301574707031
2021-08-09 00:00:00-04:00,414.2928161621094
2021-08-10 00:00:00-04:00,414.8082275390625
2021-08-11 00:00:00-04:00,415.8389892578125
2021-08-12 00:00:00-04:00,417.0851745605469
2021-08-13 00:00:00-04:00,417.8442687988281
2021-08-16 00:00:00-04:00,418.8282165527344
2021-08-17 00:00:00-04:00,416.0826110839844
2021-08-18 00:00:00-04:00,411.5285949707031
2021-08-19 00:00:00-04:00,412.1658630371094
2021-08-20 00:00:00-04:00,415.4454345703125
2021-08-23 00:00:00-04:00,419.09991455078125
2021-08-24 00:00:00-04:00,419.7651672363281
2021-08-25 00:00:00-04:00,420.64605712890625
2021-08-26 00:00:00-04:00,418.16290283203125
2021-08-27 00:00:00-04:00,421.9016418457031
2021-08-30 00:00:00-04:00,423.7569274902344
2021-08-31 00:00:00-04:00,423.12908935546875
2021-09-01 00:00:00-04:00,423.35400390625
2021-09-02 00:00:00-04:00,424.65655517578125
2021-09-03 00:00:00-04:00,424.5534362792969
2021-09-07 00:00:00-04:00,423.0354309082031
2021-09-08 00:00:00-04:00,422.52008056640625
2021-09-09 00:00:00-04:00,420.7115783691406
2021-09-10 00:00:00-04:00,417.3944396972656
2021-09-13 00:00:00-04:00,418.46270751953125
2021-09-14 00:00:00-04:00,416.2044372558594
2021-09-15 00:00:00-04:00,419.6808776855469
2021-09-16 00:00:00-04:00,419.0155334472656
2021-09-17 00:00:00-04:00,414.933837890625
2021-09-20 00:00:00-04:00,408.0152282714844
2021-09-21 00:00:00-04:00,407.6297302246094
2021-09-22 00:00:00-04:00,411.6061096191406
2021-09-23 00:00:00-04:00,416.6071472167969
2021-09-24 00:00:00-04:00,417.2933654785156
2021-09-27 00:00:00-04:00,416.0995788574219
2021-09-28 00:00:00-04:00,407.71441650390625
2021-09-29 00:00:00-04:00,408.40057373046875
2021-09-30 00:00:00-04:00,403.4090270996094
2021-10-01 00:00:00-04:00,408.2032165527344
2021-10-04 00:00:00-04:00,402.9389953613281
2021-10-05 00:00:00-04:00,407.13153076171875
2021-10-06 00:00:00-04:00,408.8235778808594
2021-10-07 00:00:00-04:00,412.35821533203125
2021-10-08 00:00:00-04:00,411.6061096191406
2021-10-11 00:00:00-04:00,408.626220703125
2021-10-12 00:00:00-04:00,407.6203918457031
2021-10-13 00:00:00-04:00,409.0868225097656
2021-10-14 00:00:00-04:00,415.96795654296875
2021-10-15 00:00:00-04:00,419.1358947753906
2021-10-18 00:00:00-04:00,420.3766784667969
2021-10-19 00:00:00-04:00,423.619873046875
2021-10-20 00:00:00-04:00,425.2837219238281
2021-10-21 00:00:00-04:00,426.39300537109375
2021-10-22 00:00:00-04:00,425.9510803222656
2021-10-25 00:00:00-04:00,428.2354431152344
2021-10-26 00:00:00-04:00,428.6208190917969
2021-10-27 00:00:00-04:00,426.7219543457031
2021-10-28 00:00:00-04:00,430.8393859863281
2021-10-29 00:00:00-04:00,431.71356201171875
2021-11-01 00:00:00-04:00,432.4562072753906
2021-11-02 00:00:00-04:00,434.2047119140625
2021-11-03 00:00:00-04:00,436.8556213378906
2021-11-04 00:00:00-04:00,438.9143371582031
2021-11-05 00:00:00-04:00,440.4371032714844
2021-11-08 00:00:00-05:00,440.8132019042969
2021-11-09 00:00:00-05:00,439.35614013671875
2021-11-10 00:00:00-05:00,435.8215637207031
2021-11-11 00:00:00-05:00,435.96258544921875
2021-11-12 00:00:00-05:00,439.2527160644531
2021-11-15 00:00:00-05:00,439.403076171875
2021-11-16 00:00:00-05:00,441.1422119140625
2021-11-17 00:00:00-05:00,440.0705871582031
2021-11-18 00:00:00-05:00,441.56524658203125
2021-11-19 00:00:00-05:00,440.77557373046875
2021-11-22 00:00:00-05:00,439.5347595214844
2021-11-23 00:00:00-05:00,440.1175537109375
2021-11-24 00:00:00-05:00,441.29266357421875
2021-11-26 00:00:00-05:00,431.4504089355469
2021-11-29 00:00:00-05:00,436.7427978515625
2021-11-30 00:00:00-05:00,428.2448425292969
2021-12-01 00:00:00-05:00,423.48822021484375
2021-12-02 00:00:00-05:00,429.97454833984375
2021-12-03 00:00:00-05:00,426.233154296875
2021-12-06 00:00:00-05:00,431.28118896484375
2021-12-07 00:00:00-05:00,440.2021789550781
2021-12-08 00:00:00-05:00,441.3678283691406
2021-12-09 00:00:00-05:00,438.387939453125
2021-12-10 00:00:00-05:00,442.5146789550781
2021-12-13 00:00:00-05:00,438.59466552734375
2021-12-14 00:00:00-05:00,435.57708740234375
2021-12-15 00:00:00-05:00,442.3830871582031
2021-12-16 00:00:00-05:00,438.48193359375
2021-12-17 00:00:00-05:00,433.8151550292969
2021-12-20 00:00:00-05:00,429.20220947265625
2021-12-21 00:00:00-05:00,436.82452392578125
2021-12-22 00:00:00-05:00,441.19207763671875
2021-12-23 00:00:00-05:00,443.9372863769531
2021-12-27 00:00:00-05:00,450.219970703125
2021-12-28 00:00:00-05:00,449.8520202636719
2021-12-29 00:00:00-05:00,450.4275207519531
2021-12-30 00:00:00-05:00,449.1822814941406
2021-12-31 00:00:00-05:00,448.0502014160156
2022-01-03 00:00:00-05:00,450.6444396972656
2022-01-04 00:00:00-05:00,450.4934997558594
2022-01-05 00:00:00-05:00,441.8429870605469
2022-01-06 00:00:00-05:00,441.427978515625
2022-01-07 00:00:00-05:00,439.6827697753906
2022-01-10 00:00:00-05:00,439.13568115234375
2022-01-11 00:00:00-05:00,443.13543701171875
2022-01-12 00:00:00-05:00,444.33343505859375
2022-01-13 00:00:00-05:00,438.21124267578125
2022-01-14 00:00:00-05:00,438.390380859375
2022-01-18 00:00:00-05:00,430.6266174316406
2022-01-19 00:00:00-05:00,426.1552429199219
2022-01-20 00:00:00-05:00,421.4385681152344
2022-01-21 00:00:00-05:00,413.1654357910156
2022-01-24 00:00:00-05:00,414.9200744628906
2022-01-25 00:00:00-05:00,409.854248046875
2022-01-26 00:00:00-05:00,408.8260498046875
2022-01-27 00:00:00-05:00,406.8072204589844
2022-01-28 00:00:00-05:00,416.91046142578125
2022-01-31 00:00:00-05:00,424.4195251464844
2022-02-01 00:00:00-05:00,427.28729248046875
2022-02-02 00:00:00-05:00,431.4380187988281
2022-02-03 00:00:00-05:00,421.2970275878906
2022-02-04 00:00:00-05:00,423.2781066894531
2022-02-07 00:00:00-05:00,421.919677734375
2022-02-08 00:00:00-05:00,425.39117431640625
2022-02-09 00:00:00-05:00,431.6172790527344
2022-02-10 00:00:00-05:00,423.8630065917969
2022-02-11 00:00:00-05:00,415.5049133300781
2022-02-14 00:00:00-05:00,414.14654541015625
2022-02-15 00:00:00-05:00,420.8253479003906
2022-02-16 00:00:00-05:00,421.2970275878906
2022-02-17 00:00:00-05:00,412.2975158691406
2022-02-18 00:00:00-05:00,409.6278991699219
2022-02-22 00:00:00-05:00,405.23193359375
2022-02-23 00:00:00-05:00,398.0435791015625
2022-02-24 00:00:00-05:00,404.03375244140625
2022-02-25 00:00:00-05:00,412.94842529296875
2022-02-28 00:00:00-05:00,411.89190673828125
2022-03-01 00:00:00-05:00,405.6186828613281
2022-03-02 00:00:00-05:00,413.08050537109375
2022-03-03 00:00:00-05:00,411.02398681640625
2022-03-04 00:00:00-05:00,407.6845703125
2022-03-07 00:00:00-05:00,395.66632080078125
2022-03-08 00:00:00-05:00,392.66650390625
2022-03-09 00:00:00-05:00,403.1943054199219
2022-03-10 00:00:00-05:00,401.3736572265625
2022-03-11 00:00:00-05:00,396.27020263671875
2022-03-14 00:00:00-04:00,393.3740234375
2022-03-15 00:00:00-04:00,402.0245056152344
2022-03-16 00:00:00-04:00,410.9391174316406
2022-03-17 00:00:00-04:00,416.0802917480469
2022-03-18 00:00:00-04:00,420.63763427734375
2022-03-21 00:00:00-04:00,420.5146179199219
2022-03-22 00:00:00-04:00,425.4351806640625
2022-03-23 00:00:00-04:00,419.95623779296875
2022-03-24 00:00:00-04:00,426.286865234375
2022-03-25 00:00:00-04:00,428.36871337890625
2022-03-28 00:00:00-04:00,431.4156494140625
2022-03-29 00:00:00-04:00,436.7526550292969
2022-03-30 00:00:00-04:00,434.0557861328125
2022-03-31 00:00:00-04:00,427.3750305175781
2022-04-01 00:00:00-04:00,428.58636474609375
2022-04-04 00:00:00-04:00,432.2577819824219
2022-04-05 00:00:00-04:00,426.7978210449219
2022-04-06 00:00:00-04:00,422.5301513671875
2022-04-07 00:00:00-04:00,424.6592712402344
2022-04-08 00:00:00-04:00,423.52374267578125
2022-04-11 00:00:00-04:00,416.2847595214844
2022-04-12 00:00:00-04:00,414.7423095703125
2022-04-13 00:00:00-04:00,419.4925537109375
2022-04-14 00:00:00-04:00,414.2691650390625
2022-04-18 00:00:00-04:00,414.4395446777344
2022-04-19 00:00:00-04:00,421.129638671875
2022-04-20 00:00:00-04:00,420.8173828125
2022-04-21 00:00:00-04:00,414.5246887207031
2022-04-22 00:00:00-04:00,403.15045166015625
2022-04-25 00:00:00-04:00,405.4877624511719
2022-04-26 00:00:00-04:00,393.7445068359375
2022-04-27 00:00:00-04:00,394.8515930175781
2022-04-28 00:00:00-04:00,404.8254089355469
2022-04-29 00:00:00-04:00,389.8648376464844
2022-05-02 00:00:00-04:00,392.2115478515625
2022-05-03 00:00:00-04:00,394.00946044921875
2022-05-04 00:00:00-04:00,406.0081787109375
2022-05-05 00:00:00-04:00,391.57757568359375
2022-05-06 00:00:00-04:00,389.2402648925781
2022-05-09 00:00:00-04:00,376.77783203125
2022-05-10 00:00:00-04:00,377.64837646484375
2022-05-11 00:00:00-04:00,371.6490478515625
2022-05-12 00:00:00-04:00,371.26104736328125
2022-05-13 00:00:00-04:00,380.1371154785156
2022-05-16 00:00:00-04:00,378.59466552734375
2022-05-17 00:00:00-04:00,386.382568359375
2022-05-18 00:00:00-04:00,370.8067626953125
2022-05-19 00:00:00-04:00,368.53570556640625
2022-05-20 00:00:00-04:00,368.6966552734375
2022-05-23 00:00:00-04:00,375.5949401855469
2022-05-24 00:00:00-04:00,372.727783203125
2022-05-25 00:00:00-04:00,376.0208435058594
2022-05-26 00:00:00-04:00,383.53424072265625
2022-05-27 00:00:00-04:00,392.9495849609375
2022-05-31 00:00:00-04:00,390.7448425292969
2022-06-01 00:00:00-04:00,387.5843200683594
2022-06-02 00:00:00-04:00,394.9651794433594
2022-06-03 00:00:00-04:00,388.48321533203125
2022-06-06 00:00:00-04:00,389.6660461425781
2022-06-07 00:00:00-04:00,393.40380859375
2022-06-08 00:00:00-04:00,389.126708984375
2022-06-09 00:00:00-04:00,379.8721923828125
2022-06-10 00:00:00-04:00,368.8575134277344
2022-06-13 00:00:00-04:00,354.8526306152344
2022-06-14 00:00:00-04:00,353.78338623046875
2022-06-15 00:00:00-04:00,358.82696533203125
2022-06-16 00:00:00-04:00,346.9512939453125
2022-06-17 00:00:00-04:00,347.69915771484375
2022-06-21 00:00:00-04:00,356.4519958496094
2022-06-22 00:00:00-04:00,355.8057556152344
2022-06-23 00:00:00-04:00,359.2935791015625
2022-06-24 00:00:00-04:00,370.7169189453125
2022-06-27 00:00:00-04:00,369.3009338378906
2022-06-28 00:00:00-04:00,361.7550354003906
2022-06-29 00:00:00-04:00,361.46044921875
2022-06-30 00:00:00-04:00,358.5238037109375
2022-07-01 00:00:00-04:00,362.3157043457031
2022-07-05 00:00:00-04:00,363.0000305175781
2022-07-06 00:00:00-04:00,364.2259826660156
2022-07-07 00:00:00-04:00,369.6809997558594
2022-07-08 00:00:00-04:00,369.376953125
2022-07-11 00:00:00-04:00,365.1573486328125
2022-07-12 00:00:00-04:00,361.9261169433594
2022-07-13 00:00:00-04:00,360.02532958984375
2022-07-14 00:00:00-04:00,359.1510314941406
2022-07-15 00:00:00-04:00,366.01263427734375
2022-07-18 00:00:00-04:00,362.9905090332031
2022-07-19 00:00:00-04:00,372.7982482910156
2022-07-20 00:00:00-04:00,375.1741638183594
2022-07-21 00:00:00-04:00,378.9945983886719
2022-07-22 00:00:00-04:00,375.4783020019531
2022-07-25 00:00:00-04:00,375.9344482421875
2022-07-26 00:00:00-04:00,371.4867858886719
2022-07-27 00:00:00-04:00,381.1329650878906
2022-07-28 00:00:00-04:00,385.9132995605469
2022-07-29 00:00:00-04:00,391.53936767578125
2022-08-01 00:00:00-04:00,390.3798828125
2022-08-02 00:00:00-04:00,387.804443359375
2022-08-03 00:00:00-04:00,393.8772888183594
2022-08-04 00:00:00-04:00,393.6111755371094
2022-08-05 00:00:00-04:00,392.94586181640625
2022-08-08 00:00:00-04:00,392.4897766113281
2022-08-09 00:00:00-04:00,390.93115234375
2022-08-10 00:00:00-04:00,399.1422119140625
2022-08-11 00:00:00-04:00,399.1422119140625
2022-08-12 00:00:00-04:00,405.8993225097656
2022-08-15 00:00:00-04:00,407.57196044921875
2022-08-16 00:00:00-04:00,408.3703308105469
2022-08-17 00:00:00-04:00,405.47174072265625
2022-08-18 00:00:00-04:00,406.650146484375
2022-08-19 00:00:00-04:00,401.185546875
2022-08-22 00:00:00-04:00,392.8318786621094
2022-08-23 00:00:00-04:00,391.88153076171875
2022-08-24 00:00:00-04:00,393.1360168457031
2022-08-25 00:00:00-04:00,398.6861267089844
2022-08-26 00:00:00-04:00,385.1910400390625
2022-08-29 00:00:00-04:00,382.6440734863281
2022-08-30 00:00:00-04:00,378.4433898925781
2022-08-31 00:00:00-04:00,375.5638122558594
2022-09-01 00:00:00-04:00,376.7423095703125
2022-09-02 00:00:00-04:00,372.769775390625
2022-09-06 00:00:00-04:00,371.36322021484375
2022-09-07 00:00:00-04:00,378.0347595214844
2022-09-08 00:00:00-04:00,380.50567626953125
2022-09-09 00:00:00-04:00,386.4169006347656
2022-09-12 00:00:00-04:00,390.5700378417969
2022-09-13 00:00:00-04:00,373.5870361328125
2022-09-14 00:00:00-04:00,375.0125732421875
2022-09-15 00:00:00-04:00,370.75494384765625
2022-09-16 00:00:00-04:00,367.926513671875
2022-09-19 00:00:00-04:00,370.77972412109375
2022-09-20 00:00:00-04:00,366.5237731933594
2022-09-21 00:00:00-04:00,360.1301574707031
2022-09-22 00:00:00-04:00,357.1051330566406
2022-09-23 00:00:00-04:00,351.1219482421875
2022-09-26 00:00:00-04:00,347.6483459472656
2022-09-27 00:00:00-04:00,346.76092529296875
2022-09-28 00:00:00-04:00,353.58392333984375
2022-09-29 00:00:00-04:00,346.19793701171875
2022-09-30 00:00:00-04:00,340.8443908691406
2022-10-03 00:00:00-04:00,349.84320068359375
2022-10-04 00:00:00-04:00,360.68365478515625
2022-10-05 00:00:00-04:00,359.8438720703125
2022-10-06 00:00:00-04:00,356.1318054199219
2022-10-07 00:00:00-04:00,346.19793701171875
2022-10-10 00:00:00-04:00,343.5545959472656
2022-10-11 00:00:00-04:00,341.3788757324219
2022-10-12 00:00:00-04:00,340.2527770996094
2022-10-13 00:00:00-04:00,349.2325134277344
2022-10-14 00:00:00-04:00,341.2738952636719
2022-10-17 00:00:00-04:00,350.0436096191406
2022-10-18 00:00:00-04:00,354.15643310546875
2022-10-19 00:00:00-04:00,351.64678955078125
2022-10-20 00:00:00-04:00,348.6981506347656
2022-10-21 00:00:00-04:00,357.17193603515625
2022-10-24 00:00:00-04:00,361.5424499511719
2022-10-25 00:00:00-04:00,367.3157958984375
2022-10-26 00:00:00-04:00,364.5483703613281
2022-10-27 00:00:00-04:00,362.6017150878906
2022-10-28 00:00:00-04:00,371.228271484375
2022-10-31 00:00:00-04:00,368.5468444824219
2022-11-01 00:00:00-04:00,366.93408203125
2022-11-02 00:00:00-04:00,357.725341796875
2022-11-03 00:00:00-04:00,354.0419921875
2022-11-04 00:00:00-04:00,359.1377868652344
2022-11-07 00:00:00-05:00,362.57305908203125
2022-11-08 00:00:00-05:00,364.529296875
2022-11-09 00:00:00-05:00,357.0192565917969
2022-11-10 00:00:00-05:00,376.6390075683594
2022-11-11 00:00:00-05:00,380.28424072265625
2022-11-14 00:00:00-05:00,377.04931640625
2022-11-15 00:00:00-05:00,380.26513671875
2022-11-16 00:00:00-05:00,377.3642272949219
2022-11-17 00:00:00-05:00,376.2095642089844
2022-11-18 00:00:00-05:00,377.9176940917969
2022-11-21 00:00:00-05:00,376.54351806640625
2022-11-22 00:00:00-05:00,381.6106262207031
2022-11-23 00:00:00-05:00,384.0154113769531
2022-11-25 00:00:00-05:00,383.9295349121094
2022-11-28 00:00:00-05:00,377.8031311035156
2022-11-29 00:00:00-05:00,377.1542663574219
2022-11-30 00:00:00-05:00,389.03485107421875
2022-12-01 00:00:00-05:00,388.74859619140625
2022-12-02 00:00:00-05:00,388.3000183105469
2022-12-05 00:00:00-05:00,381.3148498535156
2022-12-06 00:00:00-05:00,375.8182373046875
2022-12-07 00:00:00-05:00,375.1789245605469
2022-12-08 00:00:00-05:00,378.1180725097656
2022-12-09 00:00:00-05:00,375.29339599609375
2022-12-12 00:00:00-05:00,380.70416259765625
2022-12-13 00:00:00-05:00,383.58599853515625
2022-12-14 00:00:00-05:00,381.1335754394531
2022-12-15 00:00:00-05:00,371.8104248046875
2022-12-16 00:00:00-05:00,367.42071533203125
2022-12-19 00:00:00-05:00,364.3050842285156
2022-12-20 00:00:00-05:00,364.8035888671875
2022-12-21 00:00:00-05:00,370.25836181640625
2022-12-22 00:00:00-05:00,364.9761962890625
2022-12-23 00:00:00-05:00,367.0756530761719
2022-12-27 00:00:00-05:00,365.6280517578125
2022-12-28 00:00:00-05:00,361.08404541015625
2022-12-29 00:00:00-05:00,367.58380126953125
2022-12-30 00:00:00-05:00,366.6155090332031
2023-01-03 00:00:00-05:00,365.0720520019531
2023-01-04 00:00:00-05:00,367.8905334472656
2023-01-05 00:00:00-05:00,363.69158935546875
2023-01-06 00:00:00-05:00,372.0318298339844
2023-01-09 00:00:00-05:00,371.82098388671875
2023-01-10 00:00:00-05:00,374.4284362792969
2023-01-11 00:00:00-05:00,379.16412353515625
2023-01-12 00:00:00-05:00,380.54461669921875
2023-01-13 00:00:00-05:00,382.0209045410156
2023-01-17 00:00:00-05:00,381.32110595703125
2023-01-18 00:00:00-05:00,375.30078125
2023-01-19 00:00:00-05:00,372.56866455078125
2023-01-20 00:00:00-05:00,379.50921630859375
2023-01-23 00:00:00-05:00,384.06280517578125
2023-01-24 00:00:00-05:00,383.6506042480469
2023-01-25 00:00:00-05:00,383.7944641113281
2023-01-26 00:00:00-05:00,388.01251220703125
2023-01-27 00:00:00-05:00,388.90399169921875
2023-01-30 00:00:00-05:00,384.0244445800781
2023-01-31 00:00:00-05:00,389.67095947265625
2023-02-01 00:00:00-05:00,393.812255859375
2023-02-02 00:00:00-05:00,399.5450134277344
2023-02-03 00:00:00-05:00,395.2981872558594
2023-02-06 00:00:00-05:00,392.8824462890625
2023-02-07 00:00:00-05:00,398.020751953125
2023-02-08 00:00:00-05:00,393.66845703125
2023-02-09 00:00:00-05:00,390.2557067871094
2023-02-10 00:00:00-05:00,391.16644287109375
2023-02-13 00:00:00-05:00,395.75836181640625
2023-02-14 00:00:00-05:00,395.576171875
2023-02-15 00:00:00-05:00,396.86083984375
2023-02-16 00:00:00-05:00,391.3965148925781
2023-02-17 00:00:00-05:00,390.4187316894531
2023-02-21 00:00:00-05:00,382.5865173339844
2023-02-22 00:00:00-05:00,382.059326171875
2023-02-23 00:00:00-05:00,384.0915832519531
2023-02-24 00:00:00-05:00,379.98858642578125
2023-02-27 00:00:00-05:00,381.28277587890625
2023-02-28 00:00:00-05:00,379.87353515625
2023-03-01 00:00:00-05:00,378.4163818359375
2023-03-02 00:00:00-05:00,381.35955810546875
2023-03-03 00:00:00-05:00,387.4756164550781
2023-03-06 00:00:00-05:00,387.74407958984375
2023-03-07 00:00:00-05:00,381.8004150390625
2023-03-08 00:00:00-05:00,382.4235534667969
2023-03-09 00:00:00-05:00,375.367919921875
2023-03-10 00:00:00-05:00,369.9515686035156
2023-03-13 00:00:00-04:00,369.4242858886719
2023-03-14 00:00:00-04:00,375.5309143066406
2023-03-15 00:00:00-04:00,373.1822509765625
2023-03-16 00:00:00-04:00,379.7297668457031
2023-03-17 00:00:00-04:00,375.2897033691406
2023-03-20 00:00:00-04:00,378.8983459472656
2023-03-21 00:00:00-04:00,383.87347412109375
2023-03-22 00:00:00-04:00,377.3297424316406
2023-03-23 00:00:00-04:00,378.34979248046875
2023-03-24 00:00:00-04:00,380.8325500488281
2023-03-27 00:00:00-04:00,381.54461669921875
2023-03-28 00:00:00-04:00,380.6882629394531
2023-03-29 00:00:00-04:00,386.2215270996094
2023-03-30 00:00:00-04:00,388.48291015625
2023-03-31 00:00:00-04:00,393.95849609375
2023-04-03 00:00:00-04:00,395.45965576171875
2023-04-04 00:00:00-04:00,393.2656555175781
2023-04-05 00:00:00-04:00,392.2359619140625
2023-04-06 00:00:00-04:00,393.76593017578125
2023-04-10 00:00:00-04:00,394.1701354980469
2023-04-11 00:00:00-04:00,394.2760314941406
2023-04-12 00:00:00-04:00,392.6689453125
2023-04-13 00:00:00-04:00,397.8846130371094
2023-04-14 00:00:00-04:00,396.9126892089844
2023-04-17 00:00:00-04:00,398.3368835449219
2023-04-18 00:00:00-04:00,398.59674072265625
2023-04-19 00:00:00-04:00,398.52935791015625
2023-04-20 00:00:00-04:00,396.3545837402344
2023-04-21 00:00:00-04:00,396.66253662109375
2023-04-24 00:00:00-04:00,397.0762939453125
2023-04-25 00:00:00-04:00,390.773193359375
2023-04-26 00:00:00-04:00,389.11810302734375
2023-04-27 00:00:00-04:00,396.8646240234375
2023-04-28 00:00:00-04:00,400.2519226074219
2023-05-01 00:00:00-04:00,399.8477783203125
2023-05-02 00:00:00-04:00,395.353759765625
2023-05-03 00:00:00-04:00,392.6400451660156
2023-05-04 00:00:00-04:00,389.8589782714844
2023-05-05 00:00:00-04:00,397.0762939453125
2023-05-08 00:00:00-04:00,397.1821594238281
2023-05-09 00:00:00-04:00,395.4403991699219
2023-05-10 00:00:00-04:00,397.28802490234375
2023-05-11 00:00:00-04:00,396.59515380859375
2023-05-12 00:00:00-04:00,396.0754699707031
2023-05-15 00:00:00-04:00,397.4420166015625
2023-05-16 00:00:00-04:00,394.7859802246094
2023-05-17 00:00:00-04:00,399.57830810546875
2023-05-18 00:00:00-04:00,403.4275817871094
2023-05-19 00:00:00-04:00,402.8405456542969
2023-05-22 00:00:00-04:00,403.0041198730469
2023-05-23 00:00:00-04:00,398.48126220703125
2023-05-24 00:00:00-04:00,395.5943603515625
2023-05-25 00:00:00-04:00,399.0201110839844
2023-05-26 00:00:00-04:00,404.1877746582031
2023-05-30 00:00:00-04:00,404.3416442871094
2023-05-31 00:00:00-04:00,402.09954833984375
2023-06-01 00:00:00-04:00,405.919921875
2023-06-02 00:00:00-04:00,411.7900085449219
2023-06-05 00:00:00-04:00,411.0008544921875
2023-06-06 00:00:00-04:00,411.8958740234375
2023-06-07 00:00:00-04:00,410.4715576171875
2023-06-08 00:00:00-04:00,412.954345703125
2023-06-09 00:00:00-04:00,413.6953125
2023-06-12 00:00:00-04:00,417.4483642578125
2023-06-13 00:00:00-04:00,420.2004699707031
2023-06-14 00:00:00-04:00,420.7008972167969
2023-06-15 00:00:00-04:00,425.9166259765625
2023-06-16 00:00:00-04:00,424.46588134765625
2023-06-20 00:00:00-04:00,422.2635803222656
2023-06-21 00:00:00-04:00,420.1000671386719
2023-06-22 00:00:00-04:00,421.6165466308594
2023-06-23 00:00:00-04:00,418.4290466308594
2023-06-26 00:00:00-04:00,416.7195129394531
2023-06-27 00:00:00-04:00,421.28814697265625
2023-06-28 00:00:00-04:00,421.5006408691406
2023-06-29 00:00:00-04:00,423.1619567871094
2023-06-30 00:00:00-04:00,428.15545654296875
2023-07-03 00:00:00-04:00,428.64813232421875
2023-07-05 00:00:00-04:00,428.0106506347656
2023-07-06 00:00:00-04:00,424.6590270996094
2023-07-07 00:00:00-04:00,423.5869140625
2023-07-10 00:00:00-04:00,424.6590270996094
2023-07-11 00:00:00-04:00,427.36346435546875
2023-07-12 00:00:00-04:00,430.802001953125
2023-07-13 00:00:00-04:00,434.22125244140625
2023-07-14 00:00:00-04:00,433.9508056640625
2023-07-17 00:00:00-04:00,435.45751953125
2023-07-18 00:00:00-04:00,438.6932678222656
2023-07-19 00:00:00-04:00,439.6688537597656
2023-07-20 00:00:00-04:00,436.7518310546875
2023-07-21 00:00:00-04:00,436.7518310546875
2023-07-24 00:00:00-04:00,438.70294189453125
2023-07-25 00:00:00-04:00,439.900634765625
2023-07-26 00:00:00-04:00,439.9682922363281
2023-07-27 00:00:00-04:00,437.0513000488281
2023-07-28 00:00:00-04:00,441.33013916015625
2023-07-31 00:00:00-04:00,442.1704406738281
2023-08-01 00:00:00-04:00,440.9051818847656
2023-08-02 00:00:00-04:00,434.77178955078125
2023-08-03 00:00:00-04:00,433.52587890625
2023-08-04 00:00:00-04:00,431.5650634765625
2023-08-07 00:00:00-04:00,435.3320007324219
2023-08-08 00:00:00-04:00,433.43890380859375
2023-08-09 00:00:00-04:00,430.5412902832031
2023-08-10 00:00:00-04:00,430.69580078125
2023-08-11 00:00:00-04:00,430.4446716308594
2023-08-14 00:00:00-04:00,432.8207702636719
2023-08-15 00:00:00-04:00,427.77886962890625
2023-08-16 00:00:00-04:00,424.6397705078125
2023-08-17 00:00:00-04:00,421.40399169921875
2023-08-18 00:00:00-04:00,421.6069030761719
2023-08-21 00:00:00-04:00,424.34991455078125
2023-08-22 00:00:00-04:00,423.2005615234375
2023-08-23 00:00:00-04:00,427.91412353515625
2023-08-24 00:00:00-04:00,421.9835510253906
2023-08-25 00:00:00-04:00,424.9584655761719
2023-08-28 00:00:00-04:00,427.65325927734375
2023-08-29 00:00:00-04:00,433.83489990234375
2023-08-30 00:00:00-04:00,435.621826171875
2023-08-31 00:00:00-04:00,434.98431396484375
2023-09-01 00:00:00-04:00,435.795654296875
2023-09-05 00:00:00-04:00,433.91217041015625
2023-09-06 00:00:00-04:00,430.9952087402344
2023-09-07 00:00:00-04:00,429.6719665527344
2023-09-08 00:00:00-04:00,430.3190612792969
2023-09-11 00:00:00-04:00,433.149169921875
2023-09-12 00:00:00-04:00,430.7730712890625
2023-09-13 00:00:00-04:00,431.27532958984375
2023-09-14 00:00:00-04:00,434.9939880371094
2023-09-15 00:00:00-04:00,429.75299072265625
2023-09-18 00:00:00-04:00,430.00506591796875
2023-09-19 00:00:00-04:00,429.1132507324219
2023-09-20 00:00:00-04:00,425.16827392578125
2023-09-21 00:00:00-04:00,418.1409912109375
2023-09-22 00:00:00-04:00,417.2007751464844
2023-09-25 00:00:00-04:00,418.9551696777344
2023-09-26 00:00:00-04:00,412.8001708984375
2023-09-27 00:00:00-04:00,412.9649963378906
2023-09-28 00:00:00-04:00,415.35906982421875
2023-09-29 00:00:00-04:00,414.35101318359375
2023-10-02 00:00:00-04:00,414.18621826171875
2023-10-03 00:00:00-04:00,408.6418762207031
2023-10-04 00:00:00-04:00,411.6177062988281
2023-10-05 00:00:00-04:00,411.4625244140625
2023-10-06 00:00:00-04:00,416.3478088378906
2023-10-09 00:00:00-04:00,419.0133361816406
2023-10-10 00:00:00-04:00,421.1942443847656
2023-10-11 00:00:00-04:00,422.9195556640625
2023-10-12 00:00:00-04:00,420.3412170410156
2023-10-13 00:00:00-04:00,418.2475891113281
2023-10-16 00:00:00-04:00,422.6481628417969
2023-10-17 00:00:00-04:00,422.6287536621094
2023-10-18 00:00:00-04:00,416.9971618652344
2023-10-19 00:00:00-04:00,413.33331298828125
2023-10-20 00:00:00-04:00,408.25421142578125
2023-10-23 00:00:00-04:00,407.5466003417969
2023-10-24 00:00:00-04:00,410.6192932128906
2023-10-25 00:00:00-04:00,404.7259521484375
2023-10-26 00:00:00-04:00,399.87957763671875
2023-10-27 00:00:00-04:00,398.0670166015625
2023-10-30 00:00:00-04:00,402.8262634277344
2023-10-31 00:00:00-04:00,405.35601806640625
2023-11-01 00:00:00-04:00,409.6790771484375
2023-11-02 00:00:00-04:00,417.5302734375
2023-11-03 00:00:00-04:00,421.33966064453125
2023-11-06 00:00:00-05:00,422.30889892578125
2023-11-07 00:00:00-05:00,423.51080322265625
2023-11-08 00:00:00-05:00,423.82098388671875
2023-11-09 00:00:00-05:00,420.5157470703125
2023-11-10 00:00:00-05:00,427.0777893066406
2023-11-13 00:00:00-05:00,426.67071533203125
2023-11-14 00:00:00-05:00,434.9483947753906
2023-11-15 00:00:00-05:00,435.8692626953125
2023-11-16 00:00:00-05:00,436.4023132324219
2023-11-17 00:00:00-05:00,436.94512939453125
2023-11-20 00:00:00-05:00,440.3085632324219
2023-11-21 00:00:00-05:00,439.3489074707031
2023-11-22 00:00:00-05:00,441.04522705078125
2023-11-24 00:00:00-05:00,441.3166198730469
2023-11-27 00:00:00-05:00,440.5218505859375
2023-11-28 00:00:00-05:00,440.9579772949219
2023-11-29 00:00:00-05:00,440.6477966308594
2023-11-30 00:00:00-05:00,442.38287353515625
2023-12-01 00:00:00-05:00,444.9999694824219
2023-12-04 00:00:00-05:00,442.6639404296875
2023-12-05 00:00:00-05:00,442.57666015625
2023-12-06 00:00:00-05:00,440.793212890625
2023-12-07 00:00:00-05:00,444.1566162109375
2023-12-08 00:00:00-05:00,446.0661315917969
2023-12-11 00:00:00-05:00,447.8011474609375
2023-12-12 00:00:00-05:00,449.8463134765625
2023-12-13 00:00:00-05:00,456.0498046875
2023-12-14 00:00:00-05:00,457.513427734375
2023-12-15 00:00:00-05:00,456.7601013183594
2023-12-18 00:00:00-05:00,459.3294372558594
2023-12-19 00:00:00-05:00,462.12255859375
2023-12-20 00:00:00-05:00,455.71881103515625
2023-12-21 00:00:00-05:00,460.03985595703125
2023-12-22 00:00:00-05:00,460.96441650390625
2023-12-26 00:00:00-05:00,462.91082763671875
2023-12-27 00:00:00-05:00,463.7478332519531
2023-12-28 00:00:00-05:00,463.92303466796875
2023-12-29 00:00:00-05:00,462.5799865722656
2024-01-02 00:00:00-05:00,459.9912109375
2024-01-03 00:00:00-05:00,456.234619140625
2024-01-04 00:00:00-05:00,454.7649841308594
2024-01-05 00:00:00-05:00,455.387939453125
2024-01-08 00:00:00-05:00,461.8890075683594
2024-01-09 00:00:00-05:00,461.1882629394531
2024-01-10 00:00:00-05:00,463.7964782714844
2024-01-11 00:00:00-05:00,463.5921630859375
2024-01-12 00:00:00-05:00,463.9132385253906
2024-01-16 00:00:00-05:00,462.21014404296875
2024-01-17 00:00:00-05:00,459.6408996582031
2024-01-18 00:00:00-05:00,463.7283630371094
2024-01-19 00:00:00-05:00,469.50927734375
2024-01-22 00:00:00-05:00,470.501953125
2024-01-23 00:00:00-05:00,471.87420654296875
2024-01-24 00:00:00-05:00,472.3900146484375
2024-01-25 00:00:00-05:00,474.95928955078125
2024-01-26 00:00:00-05:00,474.3559265136719
2024-01-29 00:00:00-05:00,478.11248779296875
2024-01-30 00:00:00-05:00,477.7427062988281
2024-01-31 00:00:00-05:00,469.9472351074219
2024-02-01 00:00:00-05:00,476.0979309082031
2024-02-02 00:00:00-05:00,481.1100158691406
2024-02-05 00:00:00-05:00,479.35821533203125
2024-02-06 00:00:00-05:00,480.75
2024-02-07 00:00:00-05:00,484.7596130371094
2024-02-08 00:00:00-05:00,484.9737548828125
2024-02-09 00:00:00-05:00,487.7765808105469
2024-02-12 00:00:00-05:00,487.5624694824219
2024-02-13 00:00:00-05:00,480.8472900390625
2024-02-14 00:00:00-05:00,485.21697998046875
2024-02-15 00:00:00-05:00,488.5648498535156
2024-02-16 00:00:00-05:00,486.1318359375
2024-02-20 00:00:00-05:00,483.45550537109375
2024-02-21 00:00:00-05:00,483.8934326171875
2024-02-22 00:00:00-05:00,493.9077453613281
2024-02-23 00:00:00-05:00,494.24847412109375
2024-02-26 00:00:00-05:00,492.4382629394531
2024-02-27 00:00:00-05:00,493.3530578613281
2024-02-28 00:00:00-05:00,492.7010498046875
2024-02-29 00:00:00-05:00,494.4722900390625
2024-03-01 00:00:00-05:00,499.114501953125
2024-03-04 00:00:00-05:00,498.5793151855469
2024-03-05 00:00:00-05:00,493.59637451171875
2024-03-06 00:00:00-05:00,496.09759521484375
2024-03-07 00:00:00-05:00,501.0220642089844
2024-03-08 00:00:00-05:00,498.01483154296875
2024-03-11 00:00:00-04:00,497.5866394042969
2024-03-12 00:00:00-04:00,502.9393310546875
2024-03-13 00:00:00-04:00,502.1510009765625
2024-03-14 00:00:00-04:00,501.1583251953125
2024-03-15 00:00:00-04:00,497.717041015625
2024-03-18 00:00:00-04:00,500.6750793457031
2024-03-19 00:00:00-04:00,503.4573669433594
2024-03-20 00:00:00-04:00,508.114013671875
2024-03-21 00:00:00-04:00,509.7931823730469
2024-03-22 00:00:00-04:00,508.82672119140625
2024-03-25 00:00:00-04:00,507.42095947265625
2024-03-26 00:00:00-04:00,506.4837341308594
2024-03-27 00:00:00-04:00,510.74005126953125
2024-03-28 00:00:00-04:00,510.6425476074219
2024-04-01 00:00:00-04:00,509.7540588378906
2024-04-02 00:00:00-04:00,506.5129699707031
2024-04-03 00:00:00-04:00,507.06939697265625
2024-04-04 00:00:00-04:00,500.8800964355469
2024-04-05 00:00:00-04:00,506.1127014160156
2024-04-08 00:00:00-04:00,506.3958435058594
2024-04-09 00:00:00-04:00,506.9815673828125
2024-04-10 00:00:00-04:00,501.9051513671875
2024-04-11 00:00:00-04:00,505.6929626464844
2024-04-12 00:00:00-04:00,498.71282958984375
2024-04-15 00:00:00-04:00,492.46490478515625
2024-04-16 00:00:00-04:00,491.5667724609375
2024-04-17 00:00:00-04:00,488.6575622558594
2024-04-18 00:00:00-04:00,487.65203857421875
2024-04-19 00:00:00-04:00,483.3956604003906
2024-04-22 00:00:00-04:00,487.8473205566406
2024-04-23 00:00:00-04:00,493.6363830566406
2024-04-24 00:00:00-04:00,493.402099609375
2024-04-25 00:00:00-04:00,491.5276794433594
2024-04-26 00:00:00-04:00,496.1843566894531
2024-04-29 00:00:00-04:00,497.94158935546875
2024-04-30 00:00:00-04:00,490.0535888671875
2024-05-01 00:00:00-04:00,488.4623107910156
2024-05-02 00:00:00-04:00,493.0311279296875
2024-05-03 00:00:00-04:00,499.1424255371094
2024-05-06 00:00:00-04:00,504.29693603515625
2024-05-07 00:00:00-04:00,504.8533935546875
2024-05-08 00:00:00-04:00,504.90216064453125
2024-05-09 00:00:00-04:00,507.8113708496094
2024-05-10 00:00:00-04:00,508.4655456542969
2024-05-13 00:00:00-04:00,508.53369140625
2024-05-14 00:00:00-04:00,510.8670349121094
2024-05-15 00:00:00-04:00,517.193115234375
2024-05-16 00:00:00-04:00,516.1290283203125
2024-05-17 00:00:00-04:00,516.8709106445312
2024-05-20 00:00:00-04:00,517.4664306640625
2024-05-21 00:00:00-04:00,518.7354736328125
2024-05-22 00:00:00-04:00,517.2418823242188
2024-05-23 00:00:00-04:00,513.4638671875
2024-05-24 00:00:00-04:00,516.8612060546875
2024-05-28 00:00:00-04:00,517.2223510742188
2024-05-29 00:00:00-04:00,513.6005249023438
2024-05-30 00:00:00-04:00,510.19342041015625
2024-05-31 00:00:00-04:00,514.8404541015625
2024-06-03 00:00:00-04:00,515.2601318359375
2024-06-04 00:00:00-04:00,515.8361206054688
2024-06-05 00:00:00-04:00,521.9668579101562
2024-06-06 00:00:00-04:00,521.9570922851562
2024-06-07 00:00:00-04:00,521.3226318359375
2024-06-10 00:00:00-04:00,522.9332885742188
2024-06-11 00:00:00-04:00,524.1927490234375
2024-06-12 00:00:00-04:00,528.4978637695312
2024-06-13 00:00:00-04:00,529.5621948242188
2024-06-14 00:00:00-04:00,529.88427734375
2024-06-17 00:00:00-04:00,534.1016235351562
2024-06-18 00:00:00-04:00,535.4585571289062
2024-06-20 00:00:00-04:00,534.0039672851562
2024-06-21 00:00:00-04:00,533.2880859375
2024-06-24 00:00:00-04:00,531.5545043945312
2024-06-25 00:00:00-04:00,533.6014404296875
2024-06-26 00:00:00-04:00,534.267333984375
2024-06-27 00:00:00-04:00,535.1096801757812
2024-06-28 00:00:00-04:00,533.0040283203125
2024-07-01 00:00:00-04:00,534.1009521484375
2024-07-02 00:00:00-04:00,537.6953125
2024-07-03 00:00:00-04:00,540.0949096679688
2024-07-05 00:00:00-04:00,543.209228515625
2024-07-08 00:00:00-04:00,543.8360595703125
2024-07-09 00:00:00-04:00,544.3649291992188
2024-07-10 00:00:00-04:00,549.7515869140625
2024-07-11 00:00:00-04:00,545.0113525390625
2024-07-12 00:00:00-04:00,548.448974609375
2024-07-15 00:00:00-04:00,549.9573364257812
2024-07-16 00:00:00-04:00,553.2185668945312
2024-07-17 00:00:00-04:00,545.4618530273438
2024-07-18 00:00:00-04:00,541.2700805664062
2024-07-19 00:00:00-04:00,537.6757202148438
2024-07-22 00:00:00-04:00,543.2191162109375
2024-07-23 00:00:00-04:00,542.3670654296875
2024-07-24 00:00:00-04:00,530.0756225585938
2024-07-25 00:00:00-04:00,527.313720703125
2024-07-26 00:00:00-04:00,533.2195434570312
2024-07-29 00:00:00-04:00,533.5328369140625
2024-07-30 00:00:00-04:00,530.8297729492188
2024-07-31 00:00:00-04:00,539.4581298828125
2024-08-01 00:00:00-04:00,531.8189086914062
2024-08-02 00:00:00-04:00,521.9173583984375
2024-08-05 00:00:00-04:00,506.7172546386719
2024-08-06 00:00:00-04:00,511.388916015625
2024-08-07 00:00:00-04:00,507.9707336425781
2024-08-08 00:00:00-04:00,519.7136840820312
2024-08-09 00:00:00-04:00,522.00537109375
2024-08-12 00:00:00-04:00,522.2797241210938
2024-08-13 00:00:00-04:00,530.868896484375
2024-08-14 00:00:00-04:00,532.5436401367188
2024-08-15 00:00:00-04:00,541.6715698242188
2024-08-16 00:00:00-04:00,542.8860473632812
2024-08-19 00:00:00-04:00,548.0767822265625
2024-08-20 00:00:00-04:00,547.1856079101562
2024-08-21 00:00:00-04:00,549.0660400390625
2024-08-22 00:00:00-04:00,544.7567138671875
2024-08-23 00:00:00-04:00,550.544921875
2024-08-26 00:00:00-04:00,549.2324829101562
2024-08-27 00:00:00-04:00,549.986572265625
2024-08-28 00:00:00-04:00,546.7938232421875
2024-08-29 00:00:00-04:00,546.8427734375
2024-08-30 00:00:00-04:00,552.0629272460938
2024-09-03 00:00:00-04:00,540.7020263671875
2024-09-04 00:00:00-04:00,539.5953369140625
2024-09-05 00:00:00-04:00,538.2828979492188
2024-09-06 00:00:00-04:00,529.2236328125
2024-09-09 00:00:00-04:00,535.1488647460938
2024-09-10 00:00:00-04:00,537.4799194335938
2024-09-11 00:00:00-04:00,542.9938354492188
2024-09-12 00:00:00-04:00,547.5675048828125
2024-09-13 00:00:00-04:00,550.4273071289062
2024-09-16 00:00:00-04:00,551.2402954101562
2024-09-17 00:00:00-04:00,551.4655151367188
2024-09-18 00:00:00-04:00,549.8300170898438
2024-09-19 00:00:00-04:00,559.2125244140625
2024-09-20 00:00:00-04:00,558.2457275390625
2024-09-23 00:00:00-04:00,559.6408081054688
2024-09-24 00:00:00-04:00,561.2421264648438
2024-09-25 00:00:00-04:00,560.0043334960938
2024-09-26 00:00:00-04:00,562.2244873046875
2024-09-27 00:00:00-04:00,561.4091186523438
2024-09-30 00:00:00-04:00,563.6587524414062
2024-10-01 00:00:00-04:00,558.6092529296875
2024-10-02 00:00:00-04:00,558.8450927734375
2024-10-03 00:00:00-04:00,557.8234252929688
2024-10-04 00:00:00-04:00,562.8925170898438
2024-10-07 00:00:00-04:00,557.8037719726562
2024-10-08 00:00:00-04:00,563.0791625976562
2024-10-09 00:00:00-04:00,566.9793701171875
2024-10-10 00:00:00-04:00,565.987060546875
2024-10-11 00:00:00-04:00,569.3764038085938
2024-10-14 00:00:00-04:00,574.032958984375
2024-10-15 00:00:00-04:00,569.5729370117188
2024-10-16 00:00:00-04:00,572.0485229492188
2024-10-17 00:00:00-04:00,572.0975952148438
2024-10-18 00:00:00-04:00,574.2981567382812
2024-10-21 00:00:00-04:00,573.3550415039062
2024-10-22 00:00:00-04:00,573.050537109375
2024-10-23 00:00:00-04:00,567.8142700195312
2024-10-24 00:00:00-04:00,569.0423583984375
2024-10-25 00:00:00-04:00,568.8457641601562
2024-10-28 00:00:00-04:00,570.6043701171875
2024-10-29 00:00:00-04:00,571.5278930664062
2024-10-30 00:00:00-04:00,569.798828125
2024-10-31 00:00:00-04:00,558.6289672851562
2024-11-01 00:00:00-04:00,560.9866943359375
2024-11-04 00:00:00-05:00,559.7783813476562
2024-11-05 00:00:00-05:00,566.5470581054688
2024-11-06 00:00:00-05:00,580.6346435546875
2024-11-07 00:00:00-05:00,585.1242065429688
2024-11-08 00:00:00-05:00,587.65869140625
2024-11-11 00:00:00-05:00,588.2186889648438
2024-11-12 00:00:00-05:00,586.391357421875
2024-11-13 00:00:00-05:00,586.67626953125
2024-11-14 00:00:00-05:00,582.9039916992188
2024-11-15 00:00:00-05:00,575.437744140625
2024-11-18 00:00:00-05:00,577.7955932617188
2024-11-19 00:00:00-05:00,579.9075927734375
2024-11-20 00:00:00-05:00,580.10400390625
2024-11-21 00:00:00-05:00,583.2182006835938
2024-11-22 00:00:00-05:00,585.0258178710938
2024-11-25 00:00:00-05:00,587.0103759765625
2024-11-26 00:00:00-05:00,590.0753784179688
2024-11-27 00:00:00-05:00,588.2874145507812
2024-11-29 00:00:00-05:00,591.9420166015625
2024-12-02 00:00:00-05:00,593.0029296875
2024-12-03 00:00:00-05:00,593.278076171875
2024-12-04 00:00:00-05:00,596.9619750976562
2024-12-05 00:00:00-05:00,595.9796142578125
2024-12-06 00:00:00-05:00,597.109375
2024-12-09 00:00:00-05:00,594.0344848632812
2024-12-10 00:00:00-05:00,592.1876220703125
2024-12-11 00:00:00-05:00,596.7655029296875
2024-12-12 00:00:00-05:00,593.690673828125
2024-12-13 00:00:00-05:00,593.5726928710938
2024-12-16 00:00:00-05:00,596.1072998046875
2024-12-17 00:00:00-05:00,593.6513671875
2024-12-18 00:00:00-05:00,575.9584350585938
2024-12-19 00:00:00-05:00,575.7815551757812
2024-12-20 00:00:00-05:00,582.697265625
2024-12-23 00:00:00-05:00,586.1865844726562
2024-12-24 00:00:00-05:00,592.7021484375
2024-12-26 00:00:00-05:00,592.7415771484375
2024-12-27 00:00:00-05:00,586.5021362304688
2024-12-30 00:00:00-05:00,579.8090209960938
2024-12-31 00:00:00-05:00,577.6997680664062
2025-01-02 00:00:00-05:00,576.2802734375
2025-01-03 00:00:00-05:00,583.4857788085938
2025-01-06 00:00:00-05:00,586.8471069335938
2025-01-07 00:00:00-05:00,580.2132568359375
2025-01-08 00:00:00-05:00,581.0609130859375
2025-01-10 00:00:00-05:00,572.1896362304688
2025-01-13 00:00:00-05:00,573.0768432617188
2025-01-14 00:00:00-05:00,573.8652954101562
2025-01-15 00:00:00-05:00,584.303955078125
2025-01-16 00:00:00-05:00,583.1802368164062
2025-01-17 00:00:00-05:00,589.035400390625
2025-01-21 00:00:00-05:00,594.4270629882812
2025-01-22 00:00:00-05:00,597.7686767578125
2025-01-23 00:00:00-05:00,601.0313110351562
2025-01-24 00:00:00-05:00,599.2766723632812
2025-01-27 00:00:00-05:00,590.7997436523438
2025-01-28 00:00:00-05:00,595.8760986328125
2025-01-29 00:00:00-05:00,593.204833984375
2025-01-30 00:00:00-05:00,596.388671875
2025-01-31 00:00:00-05:00,593.2147216796875
2025-02-03 00:00:00-05:00,589.2225952148438
2025-02-04 00:00:00-05:00,593.17529296875
2025-02-05 00:00:00-05:00,595.5803833007812
2025-02-06 00:00:00-05:00,597.6503295898438
2025-02-07 00:00:00-05:00,592.1797485351562
2025-02-10 00:00:00-05:00,596.2013549804688
2025-02-11 00:00:00-05:00,596.65478515625
2025-02-12 00:00:00-05:00,594.7327270507812
2025-02-13 00:00:00-05:00,601.0115966796875
2025-02-14 00:00:00-05:00,600.98193359375
2025-02-18 00:00:00-05:00,602.7463989257812
2025-02-19 00:00:00-05:00,604.1658325195312
2025-02-20 00:00:00-05:00,601.65234375
2025-02-21 00:00:00-05:00,591.3616333007812
2025-02-24 00:00:00-05:00,588.6705322265625
2025-02-25 00:00:00-05:00,585.7431030273438
2025-02-26 00:00:00-05:00,586.0387573242188
2025-02-27 00:00:00-05:00,576.6844482421875
2025-02-28 00:00:00-05:00,585.6838989257812
2025-03-03 00:00:00-05:00,575.4227905273438
2025-03-04 00:00:00-05:00,568.6116333007812
2025-03-05 00:00:00-05:00,574.722900390625
2025-03-06 00:00:00-05:00,564.5209350585938
2025-03-07 00:00:00-05:00,567.6849975585938
2025-03-10 00:00:00-04:00,552.564453125
2025-03-11 00:00:00-04:00,547.970947265625
2025-03-12 00:00:00-04:00,550.8787841796875
2025-03-13 00:00:00-04:00,543.5353393554688
2025-03-14 00:00:00-04:00,554.762451171875
2025-03-17 00:00:00-04:00,559.0404663085938
2025-03-18 00:00:00-04:00,552.998046875
2025-03-19 00:00:00-04:00,559.0206909179688
2025-03-20 00:00:00-04:00,557.4041748046875
2025-03-21 00:00:00-04:00,557.5880126953125
2025-03-24 00:00:00-04:00,567.5736083984375
2025-03-25 00:00:00-04:00,568.93798828125
2025-03-26 00:00:00-04:00,562.1458740234375
2025-03-27 00:00:00-04:00,560.6529541015625
2025-03-28 00:00:00-04:00,549.3623657226562
2025-03-31 00:00:00-04:00,553.050048828125
2025-04-01 00:00:00-04:00,554.6121826171875
2025-04-02 00:00:00-04:00,558.1219482421875
2025-04-03 00:00:00-04:00,530.6172485351562
2025-04-04 00:00:00-04:00,499.5533447265625
2025-04-07 00:00:00-04:00,498.66357421875
2025-04-08 00:00:00-04:00,490.85308837890625
2025-04-09 00:00:00-04:00,542.4021606445312
2025-04-10 00:00:00-04:00,518.6346435546875
2025-04-11 00:00:00-04:00,527.8885498046875
2025-04-14 00:00:00-04:00,533.0098266601562
2025-04-15 00:00:00-04:00,531.516845703125
2025-04-16 00:00:00-04:00,519.7023315429688
2025-04-17 00:00:00-04:00,520.44384765625
2025-04-21 00:00:00-04:00,508.0558776855469
2025-04-22 00:00:00-04:00,521.2743530273438
2025-04-23 00:00:00-04:00,529.3516845703125
2025-04-24 00:00:00-04:00,540.4940185546875
2025-04-25 00:00:00-04:00,544.3992919921875
2025-04-28 00:00:00-04:00,544.6068725585938
2025-04-29 00:00:00-04:00,548.0375366210938
2025-04-30 00:00:00-04:00,548.2550048828125
2025-05-01 00:00:00-04:00,552.1405029296875
2025-05-02 00:00:00-04:00,560.3366088867188
2025-05-05 00:00:00-04:00,557.1234130859375
2025-05-06 00:00:00-04:00,552.4667358398438
2025-05-07 00:00:00-04:00,554.7901611328125
2025-05-08 00:00:00-04:00,558.65576171875
2025-05-09 00:00:00-04:00,557.9440307617188
2025-05-12 00:00:00-04:00,576.3826293945312
2025-05-13 00:00:00-04:00,580.18896484375
2025-05-14 00:00:00-04:00,580.9304809570312
2025-05-15 00:00:00-04:00,583.7679443359375
2025-05-16 00:00:00-04:00,587.465576171875
2025-05-19 00:00:00-04:00,588.108154296875
2025-05-20 00:00:00-04:00,586.130859375
2025-05-21 00:00:00-04:00,576.2540283203125
2025-05-22 00:00:00-04:00,576.4814453125
2025-05-23 00:00:00-04:00,572.5465698242188
2025-05-27 00:00:00-04:00,584.4501342773438
2025-05-28 00:00:00-04:00,581.0689086914062
2025-05-29 00:00:00-04:00,583.362548828125
2025-05-30 00:00:00-04:00,582.7101440429688
2025-06-02 00:00:00-04:00,585.9925537109375
2025-06-03 00:00:00-04:00,589.3341064453125
2025-06-04 00:00:00-04:00,589.1759033203125
2025-06-05 00:00:00-04:00,586.3285522460938
2025-06-06 00:00:00-04:00,592.3495483398438
2025-06-09 00:00:00-04:00,592.8834228515625
2025-06-10 00:00:00-04:00,596.2449340820312
2025-06-11 00:00:00-04:00,594.5443725585938
2025-06-12 00:00:00-04:00,596.9072875976562
2025-06-13 00:00:00-04:00,590.23388671875
2025-06-16 00:00:00-04:00,595.8494262695312
2025-06-17 00:00:00-04:00,590.7578735351562
2025-06-18 00:00:00-04:00,590.6688232421875
2025-06-20 00:00:00-04:00,589.2816772460938
2025-06-23 00:00:00-04:00,595.1022338867188
2025-06-24 00:00:00-04:00,601.6764526367188
2025-06-25 00:00:00-04:00,602.0136108398438
2025-06-26 00:00:00-04:00,606.7236328125
2025-06-27 00:00:00-04:00,609.738037109375
2025-06-30 00:00:00-04:00,612.6533203125
2025-07-01 00:00:00-04:00,612.455078125
2025-07-02 00:00:00-04:00,615.2315673828125
2025-07-03 00:00:00-04:00,620.0804443359375
2025-07-07 00:00:00-04:00,615.45947265625
2025-07-08 00:00:00-04:00,615.1224365234375
2025-07-09 00:00:00-04:00,618.8110961914062
2025-07-10 00:00:00-04:00,620.5562744140625
2025-07-11 00:00:00-04:00,618.3748779296875
2025-07-14 00:00:00-04:00,619.5548095703125
2025-07-15 00:00:00-04:00,616.9072875976562
2025-07-16 00:00:00-04:00,618.9697265625
2025-07-17 00:00:00-04:00,622.7576293945312
2025-07-18 00:00:00-04:00,622.301513671875
2025-07-21 00:00:00-04:00,623.4815063476562
2025-07-22 00:00:00-04:00,623.5707397460938
2025-07-23 00:00:00-04:00,628.875732421875
2025-07-24 00:00:00-04:00,629.083984375
2025-07-25 00:00:00-04:00,631.741455078125
2025-07-28 00:00:00-04:00,631.5828247070312
2025-07-29 00:00:00-04:00,629.9169311523438
2025-07-30 00:00:00-04:00,629.1236572265625
2025-07-31 00:00:00-04:00,626.763671875
2025-08-01 00:00:00-04:00,616.49072265625
2025-08-04 00:00:00-04:00,625.861328125
2025-08-05 00:00:00-04:00,622.688232421875
2025-08-06 00:00:00-04:00,627.457763671875
2025-08-07 00:00:00-04:00,626.9322509765625
2025-08-08 00:00:00-04:00,631.8207397460938
2025-08-11 00:00:00-04:00,630.5713500976562
2025-08-12 00:00:00-04:00,637.284423828125
2025-08-13 00:00:00-04:00,639.4659423828125
2025-08-14 00:00:00-04:00,639.525390625
2025-08-15 00:00:00-04:00,638.028076171875
2025-08-18 00:00:00-04:00,637.8893432617188
2025-08-19 00:00:00-04:00,634.4286499023438
2025-08-20 00:00:00-04:00,632.742919921875
2025-08-21 00:00:00-04:00,630.2045288085938
2025-08-22 00:00:00-04:00,639.8824462890625
2025-08-25 00:00:00-04:00,637.0662841796875
2025-08-26 00:00:00-04:00,639.733642578125
2025-08-27 00:00:00-04:00,641.1912841796875
2025-08-28 00:00:00-04:00,643.4619750976562
2025-08-29 00:00:00-04:00,639.6245727539062
2025-09-02 00:00:00-04:00,634.8848266601562
2025-09-03 00:00:00-04:00,638.3255615234375
2025-09-04 00:00:00-04:00,643.6603393554688
2025-09-05 00:00:00-04:00,641.796142578125
2025-09-08 00:00:00-04:00,643.372802734375
2025-09-09 00:00:00-04:00,644.8601684570312
2025-09-10 00:00:00-04:00,646.7243041992188
2025-09-11 00:00:00-04:00,652.0988159179688
2025-09-12 00:00:00-04:00,651.8805541992188
2025-09-15 00:00:00-04:00,655.3511352539062
2025-09-16 00:00:00-04:00,654.4488525390625
2025-09-17 00:00:00-04:00,653.6357421875
2025-09-18 00:00:00-04:00,656.6897583007812
2025-09-19 00:00:00-04:00,659.9423217773438
2025-09-22 00:00:00-04:00,663.0645141601562
2025-09-23 00:00:00-04:00,659.4551391601562
2025-09-24 00:00:00-04:00,657.3569946289062
2025-09-25 00:00:00-04:00,654.3242797851562
2025-09-26 00:00:00-04:00,658.072998046875
2025-09-29 00:00:00-04:00,659.9224243164062
2025-09-30 00:00:00-04:00,662.4082641601562
2025-10-01 00:00:00-04:00,664.6654663085938
2025-10-02 00:00:00-04:00,665.4309692382812
2025-10-03 00:00:00-04:00,665.421142578125
2025-10-06 00:00:00-04:00,667.8074951171875
2025-10-07 00:00:00-04:00,665.3316040039062
2025-10-08 00:00:00-04:00,669.2990112304688
2025-10-09 00:00:00-04:00,667.3600463867188
2025-10-10 00:00:00-04:00,649.32275390625
2025-10-13 00:00:00-04:00,659.2860107421875
2025-10-14 00:00:00-04:00,658.4805908203125
2025-10-15 00:00:00-04:00,661.4039916992188
2025-10-16 00:00:00-04:00,656.899658203125
2025-10-17 00:00:00-04:00,660.62841796875
2025-10-20 00:00:00-04:00,667.499267578125
2025-10-21 00:00:00-04:00,667.4892578125
2025-10-22 00:00:00-04:00,664.0191040039062
2025-10-23 00:00:00-04:00,667.9566650390625
2025-10-24 00:00:00-04:00,673.4155883789062
2025-10-27 00:00:00-04:00,681.3603515625
2025-10-28 00:00:00-04:00,683.1700439453125
2025-10-29 00:00:00-04:00,683.4981689453125
2025-10-30 00:00:00-04:00,675.98095703125
2025-10-31 00:00:00-04:00,678.1983642578125
2025-11-03 00:00:00-05:00,679.4711303710938
2025-11-04 00:00:00-05:00,671.4169921875
2025-11-05 00:00:00-05:00,673.7437133789062
2025-11-06 00:00:00-05:00,666.514892578125
2025-11-07 00:00:00-05:00,667.1710815429688
2025-11-10 00:00:00-05:00,677.5819091796875
2025-11-11 00:00:00-05:00,679.1329956054688
2025-11-12 00:00:00-05:00,679.5108642578125
2025-11-13 00:00:00-05:00,668.2350463867188
2025-11-14 00:00:00-05:00,668.125732421875
2025-11-17 00:00:00-05:00,661.901123046875
2025-11-18 00:00:00-05:00,656.3428344726562
2025-11-19 00:00:00-05:00,658.87841796875
2025-11-20 00:00:00-05:00,648.8355712890625
2025-11-21 00:00:00-05:00,655.2987670898438
2025-11-24 00:00:00-05:00,664.9437866210938
2025-11-25 00:00:00-05:00,671.1981811523438
2025-11-26 00:00:00-05:00,675.8318481445312
2025-11-28 00:00:00-05:00,679.5208129882812
2025-12-01 00:00:00-05:00,676.4185180664062
2025-12-02 00:00:00-05:00,677.67138671875
2025-12-03 00:00:00-05:00,680.0180053710938
2025-12-04 00:00:00-05:00,680.51513671875
2025-12-05 00:00:00-05:00,681.8078002929688
2025-12-08 00:00:00-05:00,679.7594604492188
2025-12-09 00:00:00-05:00,679.1727294921875
2025-12-10 00:00:00-05:00,683.6771850585938
2025-12-11 00:00:00-05:00,685.26806640625
2025-12-12 00:00:00-05:00,677.9000244140625
2025-12-15 00:00:00-05:00,676.8758544921875
2025-12-16 00:00:00-05:00,675.0264282226562
2025-12-17 00:00:00-05:00,667.5986938476562
2025-12-18 00:00:00-05:00,672.6399536132812
2025-12-19 00:00:00-05:00,678.7363891601562
2025-12-22 00:00:00-05:00,682.96484375
2025-12-23 00:00:00-05:00,686.0863037109375
2025-12-24 00:00:00-05:00,688.4996948242188
2025-12-26 00:00:00-05:00,688.4298706054688
2025-12-29 00:00:00-05:00,685.9765625
2025-12-30 00:00:00-05:00,685.138916015625
2025-12-31 00:00:00-05:00,680.062744140625
2026-01-02 00:00:00-05:00,681.309326171875
2026-01-05 00:00:00-05:00,685.846923828125
2026-01-06 00:00:00-05:00,689.92578125
2026-01-07 00:00:00-05:00,687.701904296875
2026-01-08 00:00:00-05:00,687.632080078125
2026-01-09 00:00:00-05:00,692.1796264648438
2026-01-12 00:00:00-05:00,693.2666625976562
2026-01-13 00:00:00-05:00,691.8804931640625
2026-01-14 00:00:00-05:00,688.479736328125
2026-01-15 00:00:00-05:00,690.3546142578125
2026-01-16 00:00:00-05:00,689.7761840820312
2026-01-20 00:00:00-05:00,675.7345581054688
2026-01-21 00:00:00-05:00,683.5332641601562
2026-01-22 00:00:00-05:00,687.103515625
2026-01-23 00:00:00-05:00,687.352783203125
2026-01-26 00:00:00-05:00,690.84326171875
2026-01-27 00:00:00-05:00,693.5957641601562
2026-01-28 00:00:00-05:00,693.5259399414062
2026-01-29 00:00:00-05:00,692.1497192382812
2026-01-30 00:00:00-05:00,690.0853271484375
2026-02-02 00:00:00-05:00,693.5159912109375
2026-02-03 00:00:00-05:00,687.6520385742188
2026-02-04 00:00:00-05:00,684.3211059570312
2026-02-05 00:00:00-05:00,675.7744750976562
2026-02-06 00:00:00-05:00,688.739013671875
2026-02-09 00:00:00-05:00,692.0599975585938
2026-02-10 00:00:00-05:00,690.2349243164062
2026-02-11 00:00:00-05:00,690.075439453125
2026-02-12 00:00:00-05:00,679.41455078125
2026-02-13 00:00:00-05:00,679.8931884765625
2026-02-17 00:00:00-05:00,680.9901733398438
2026-02-18 00:00:00-05:00,684.4208374023438
2026-02-19 00:00:00-05:00,682.61572265625
2026-02-20 00:00:00-05:00,687.5523071289062
2026-02-23 00:00:00-05:00,680.531494140625
2026-02-24 00:00:00-05:00,685.4779052734375
2026-02-25 00:00:00-05:00,691.26220703125
2026-02-26 00:00:00-05:00,687.422607421875
2026-02-27 00:00:00-05:00,684.1216430664062
2026-03-02 00:00:00-05:00,684.5106201171875
2026-03-03 00:00:00-05:00,678.4771118164062
2026-03-04 00:00:00-05:00,683.2639770507812
2026-03-05 00:00:00-05:00,679.4544067382812
2026-03-06 00:00:00-05:00,670.5487060546875
2026-03-09 00:00:00-04:00,676.4227294921875
2026-03-10 00:00:00-04:00,675.3356323242188
2026-03-11 00:00:00-04:00,674.4879760742188
2026-03-12 00:00:00-04:00,664.2459106445312
2026-03-13 00:00:00-04:00,660.4862060546875
2026-03-16 00:00:00-04:00,667.2078857421875
2026-03-17 00:00:00-04:00,668.9630126953125
2026-03-18 00:00:00-04:00,659.6285400390625
2026-03-19 00:00:00-04:00,658.0029907226562
2026-03-20 00:00:00-04:00,648.5700073242188
2026-03-23 00:00:00-04:00,655.3800048828125
2026-03-24 00:00:00-04:00,653.1799926757812
2026-03-25 00:00:00-04:00,656.8200073242188
2026-03-26 00:00:00-04:00,645.0900268554688
2026-03-27 00:00:00-04:00,634.0900268554688
2026-03-30 00:00:00-04:00,631.969970703125
2026-03-31 00:00:00-04:00,650.3400268554688
2026-04-01 00:00:00-04:00,655.239990234375
2026-04-02 00:00:00-04:00,655.8300170898438
2026-04-06 00:00:00-04:00,658.9299926757812
2026-04-07 00:00:00-04:00,659.219970703125
2026-04-08 00:00:00-04:00,676.010009765625
2026-04-09 00:00:00-04:00,679.9099731445312
2026-04-10 00:00:00-04:00,679.4600219726562
2026-04-13 00:00:00-04:00,686.0999755859375
2026-04-14 00:00:00-04:00,694.4600219726562
2026-04-15 00:00:00-04:00,699.9400024414062
2026-04-16 00:00:00-04:00,701.6599731445312
2026-04-17 00:00:00-04:00,710.1400146484375
2026-04-20 00:00:00-04:00,708.719970703125
2026-04-21 00:00:00-04:00,704.0800170898438
2026-04-22 00:00:00-04:00,711.2100219726562
2026-04-23 00:00:00-04:00,708.4500122070312
2026-04-24 00:00:00-04:00,713.9400024414062
2026-04-27 00:00:00-04:00,715.1699829101562
2026-04-28 00:00:00-04:00,711.6900024414062
2026-04-29 00:00:00-04:00,711.5800170898438
2026-04-30 00:00:00-04:00,718.6599731445312
2026-05-01 00:00:00-04:00,720.6500244140625
2026-05-04 00:00:00-04:00,718.010009765625
2026-05-05 00:00:00-04:00,723.77001953125
2026-05-06 00:00:00-04:00,733.8300170898438
2026-05-07 00:00:00-04:00,731.5800170898438
2026-05-08 00:00:00-04:00,737.6199951171875
